text,sentence,document_id,true_label,pred_label,anomaly_score,category
hodně,[Context Not Available],gold_doc_0143,1,1,3.2756699444911312,TP
peklo,[Context Not Available],gold_doc_0342,1,1,2.5752799895750442,TP
pomalu,[Context Not Available],gold_doc_0072,1,1,2.47160384170893,TP
ten,[Context Not Available],gold_doc_0389,1,1,2.2663682436382473,TP
ty,[Context Not Available],gold_doc_0378,1,1,2.2628962644361543,TP
#,[Context Not Available],gold_doc_0280,0,1,2.214916947230961,FP
71,[Context Not Available],gold_doc_0240,0,1,2.201912763772423,FP
je,[Context Not Available],gold_doc_0080,0,1,1.961836819164585,FP
samotného,[Context Not Available],gold_doc_0138,0,1,1.9573437413102361,FP
#,[Context Not Available],gold_doc_0281,0,1,1.9072708558471518,FP
který,[Context Not Available],gold_doc_0143,0,1,1.7510898465878917,FP
Poté,[Context Not Available],gold_doc_0276,0,1,1.720549242249124,FP
z,[Context Not Available],gold_doc_0435,0,1,1.7150314579049883,FP
víc,[Context Not Available],gold_doc_0244,0,1,1.6772751192950146,FP
Pražském,[Context Not Available],gold_doc_0195,0,1,1.6466378207915469,FP
neřeší,[Context Not Available],gold_doc_0078,0,1,1.5785312987489775,FP
bodu,[Context Not Available],gold_doc_0169,0,1,1.5568181618711705,FP
hodinu,[Context Not Available],gold_doc_0071,0,1,1.5223929491223664,FP
Nová,[Context Not Available],gold_doc_0317,0,1,1.4558018596816353,FP
Tu,[Context Not Available],gold_doc_0385,0,1,1.4035302394822509,FP
",",[Context Not Available],gold_doc_0169,0,1,1.3561797448000839,FP
sám,[Context Not Available],gold_doc_0045,0,1,1.1642630234559341,FP
ke,[Context Not Available],gold_doc_0430,0,0,1.09670396334581,TN
růžová,[Context Not Available],gold_doc_0495,1,0,1.0034374939055546,FN
ta,[Context Not Available],gold_doc_0353,1,0,0.9341016705640222,FN
tun,[Context Not Available],gold_doc_0389,0,0,0.9059690923848613,TN
Místní,[Context Not Available],gold_doc_0464,0,0,0.8185225816690718,TN
že,[Context Not Available],gold_doc_0078,0,0,0.7214797523360126,TN
své,[Context Not Available],gold_doc_0442,0,0,0.6765198262320276,TN
jako,[Context Not Available],gold_doc_0080,0,0,0.675417777787704,TN
nemusíme,[Context Not Available],gold_doc_0078,0,0,0.6396777184267748,TN
výzvou,[Context Not Available],gold_doc_0338,1,0,0.6019765409986064,FN
scéně,[Context Not Available],gold_doc_0339,0,0,0.5744969590548763,TN
oprávněných,[Context Not Available],gold_doc_0240,0,0,0.5167928042874586,TN
adresu,[Context Not Available],gold_doc_0143,0,0,0.5094681156972634,TN
jelo,[Context Not Available],gold_doc_0071,0,0,0.4332362511565151,TN
6,[Context Not Available],gold_doc_0169,0,0,0.41922214221994736,TN
skoro,[Context Not Available],gold_doc_0073,1,0,0.38987389541840045,FN
útok,[Context Not Available],gold_doc_0491,1,0,0.3810176767511315,FN
auto,[Context Not Available],gold_doc_0071,0,0,0.34824571287480666,TN
stála,[Context Not Available],gold_doc_0512,0,0,0.32888855706581666,TN
převzala,[Context Not Available],gold_doc_0385,0,0,0.30944900991898194,TN
to,[Context Not Available],gold_doc_0388,1,0,0.3014251318634429,FN
divadlo,[Context Not Available],gold_doc_0320,1,0,0.2732000863615056,FN
byla,[Context Not Available],gold_doc_0077,0,0,0.21288547365633192,TN
hradě,[Context Not Available],gold_doc_0195,0,0,0.20658644085267497,TN
ten,[Context Not Available],gold_doc_0370,0,0,0.19650744279942245,TN
světa,[Context Not Available],gold_doc_0371,0,0,0.19097518267981783,TN
20,[Context Not Available],gold_doc_0240,0,0,0.18411324544292995,TN
dva,[Context Not Available],gold_doc_0244,0,0,0.1720075424349936,TN
je,[Context Not Available],gold_doc_0080,0,0,0.15655652491641803,TN
velkou,[Context Not Available],gold_doc_0143,0,0,0.15272827515842735,TN
vyčíslena,[Context Not Available],gold_doc_0180,0,0,0.1486643075010079,TN
zemí,[Context Not Available],gold_doc_0371,0,0,0.1099673565620094,TN
katedrály,[Context Not Available],gold_doc_0195,0,0,0.0951216847023062,TN
Pardubic,[Context Not Available],gold_doc_0435,0,0,0.07860929977094244,TN
už,[Context Not Available],gold_doc_0507,0,0,0.07188868414468175,TN
která,[Context Not Available],gold_doc_0077,0,0,0.06342065328666635,TN
zoufale,[Context Not Available],gold_doc_0031,1,0,0.058073659791727295,FN
pololetí,[Context Not Available],gold_doc_0201,0,0,0.05669383563131447,TN
deset,[Context Not Available],gold_doc_0237,0,0,0.050664687054624125,TN
",",[Context Not Available],gold_doc_0169,0,0,0.04093735846081259,TN
plném,[Context Not Available],gold_doc_0405,0,0,0.03539821764409723,TN
chtěl,[Context Not Available],gold_doc_0143,0,0,0.03497215239559992,TN
zcela,[Context Not Available],gold_doc_0106,0,0,0.00022944188343743122,TN
sto,[Context Not Available],gold_doc_0159,0,0,8.16643164647246e-05,TN
75,[Context Not Available],gold_doc_0169,0,0,1.357836577398075e-05,TN
procenta,[Context Not Available],gold_doc_0169,0,0,-0.0004883755061015904,TN
dat,[Context Not Available],gold_doc_0283,0,0,-0.008829260676545658,TN
letos,[Context Not Available],gold_doc_0237,0,0,-0.014356031415477588,TN
té,[Context Not Available],gold_doc_0077,0,0,-0.03142319261207405,TN
střední,[Context Not Available],gold_doc_0338,0,0,-0.050724621886097054,TN
jen,[Context Not Available],gold_doc_0240,1,0,-0.061740987548120074,FN
u,[Context Not Available],gold_doc_0077,0,0,-0.062409174591426364,TN
procentního,[Context Not Available],gold_doc_0169,0,0,-0.0643362576025801,TN
rozsahu,[Context Not Available],gold_doc_0405,0,0,-0.0772551929435572,TN
obrovskou,[Context Not Available],gold_doc_0338,0,0,-0.0774990679046077,TN
které,[Context Not Available],gold_doc_0078,0,0,-0.0853685499880541,TN
a,[Context Not Available],gold_doc_0242,0,0,-0.08740181916120449,TN
Když,[Context Not Available],gold_doc_0059,0,0,-0.09405622355243537,TN
cizině,[Context Not Available],gold_doc_0243,0,0,-0.11145527007311884,TN
Výsledky,[Context Not Available],gold_doc_0339,0,0,-0.11482592756215482,TN
vítězné,[Context Not Available],gold_doc_0059,0,0,-0.1148303363696428,TN
pila,[Context Not Available],gold_doc_0385,0,0,-0.14448268708198952,TN
hrozí,[Context Not Available],gold_doc_0431,0,0,-0.14549416696476314,TN
milionů,[Context Not Available],gold_doc_0264,0,0,-0.14586252234310493,TN
tragické,[Context Not Available],gold_doc_0042,1,0,-0.14930118799470904,FN
té,[Context Not Available],gold_doc_0295,0,0,-0.17217563584772577,TN
Na,[Context Not Available],gold_doc_0264,0,0,-0.18387814719134,TN
voleb,[Context Not Available],gold_doc_0059,0,0,-0.2152500070762038,TN
z,[Context Not Available],gold_doc_0077,0,0,-0.21694417677337086,TN
bezmála,[Context Not Available],gold_doc_0122,1,0,-0.2281148201312888,FN
kvalita,[Context Not Available],gold_doc_0421,0,0,-0.22901326588632287,TN
kluby,[Context Not Available],gold_doc_0045,0,0,-0.2427266824116785,TN
sídle,[Context Not Available],gold_doc_0291,0,0,-0.2560552711612871,TN
babičky,[Context Not Available],gold_doc_0304,1,0,-0.25872029192345636,FN
míst,[Context Not Available],gold_doc_0165,0,0,-0.26094179791517647,TN
nic,[Context Not Available],gold_doc_0078,0,0,-0.2637110826057487,TN
červenou,[Context Not Available],gold_doc_0431,0,0,-0.2665495323790701,TN
dne,[Context Not Available],gold_doc_0155,0,0,-0.26677527835092363,TN
Při,[Context Not Available],gold_doc_0174,0,0,-0.27173094874707715,TN
konce,[Context Not Available],gold_doc_0138,0,0,-0.29727485878231263,TN
slibů,[Context Not Available],gold_doc_0041,0,0,-0.3055320738868659,TN
dojem,[Context Not Available],gold_doc_0085,0,0,-0.30947597631602264,TN
východu,[Context Not Available],gold_doc_0077,0,0,-0.33503329279991334,TN
umělé,[Context Not Available],gold_doc_0281,0,0,-0.33800010349958143,TN
sta,[Context Not Available],gold_doc_0427,0,0,-0.34306140676295627,TN
páry,[Context Not Available],gold_doc_0491,0,0,-0.3473866960420793,TN
",",[Context Not Available],gold_doc_0240,0,0,-0.36670601937617064,TN
5,[Context Not Available],gold_doc_0169,0,0,-0.37691058976333025,TN
podepsána,[Context Not Available],gold_doc_0291,0,0,-0.37985730899229964,TN
techniku,[Context Not Available],gold_doc_0384,0,0,-0.40019014129558883,TN
hrubé,[Context Not Available],gold_doc_0210,0,0,-0.4029641366564576,TN
2,[Context Not Available],gold_doc_0155,0,0,-0.4246714733148913,TN
ta,[Context Not Available],gold_doc_0384,1,0,-0.42994395476246794,FN
trhu,[Context Not Available],gold_doc_0014,0,0,-0.43234684190823813,TN
použil,[Context Not Available],gold_doc_0143,0,0,-0.4369128771644597,TN
.,[Context Not Available],gold_doc_0464,0,0,-0.4447741437870434,TN
keramika,[Context Not Available],gold_doc_0378,0,0,-0.444880755603716,TN
procenta,[Context Not Available],gold_doc_0240,0,0,-0.44626044029020306,TN
tak,[Context Not Available],gold_doc_0495,0,0,-0.46798854263154865,TN
ve,[Context Not Available],gold_doc_0077,0,0,-0.46926902440860374,TN
rozloze,[Context Not Available],gold_doc_0242,0,0,-0.48520357242655976,TN
Víta,[Context Not Available],gold_doc_0195,0,0,-0.4889389319062296,TN
přibližně,[Context Not Available],gold_doc_0357,0,0,-0.500130331124307,TN
Tedy,[Context Not Available],gold_doc_0080,0,0,-0.5064555774851911,TN
nastavení,[Context Not Available],gold_doc_0056,0,0,-0.5230672635009554,TN
dokládají,[Context Not Available],gold_doc_0106,0,0,-0.5247007349881407,TN
kilometrů,[Context Not Available],gold_doc_0071,0,0,-0.5256986179841299,TN
se,[Context Not Available],gold_doc_0313,0,0,-0.5275166005070773,TN
které,[Context Not Available],gold_doc_0077,0,0,-0.5280466226685334,TN
třicet,[Context Not Available],gold_doc_0071,0,0,-0.5334297655785427,TN
stoupne,[Context Not Available],gold_doc_0455,0,0,-0.5478311758825605,TN
Vývoj,[Context Not Available],gold_doc_0014,0,0,-0.5545976800882073,TN
protože,[Context Not Available],gold_doc_0143,0,0,-0.5581086059838256,TN
chřipce,[Context Not Available],gold_doc_0168,0,0,-0.5697683156387789,TN
",",[Context Not Available],gold_doc_0077,0,0,-0.5761511744233232,TN
proti,[Context Not Available],gold_doc_0168,0,0,-0.5781206331389832,TN
tedy,[Context Not Available],gold_doc_0080,0,0,-0.5868085297506056,TN
textů,[Context Not Available],gold_doc_0370,0,0,-0.5985027731403108,TN
až,[Context Not Available],gold_doc_0138,0,0,-0.5995383803177354,TN
do,[Context Not Available],gold_doc_0138,0,0,-0.6119003412641604,TN
než,[Context Not Available],gold_doc_0244,0,0,-0.618488919042111,TN
sbírky,[Context Not Available],gold_doc_0237,0,0,-0.6195373139282161,TN
výstavby,[Context Not Available],gold_doc_0003,0,0,-0.6293375924861131,TN
což,[Context Not Available],gold_doc_0080,0,0,-0.63641695593709,TN
o,[Context Not Available],gold_doc_0215,0,0,-0.6372723488003835,TN
si,[Context Not Available],gold_doc_0045,0,0,-0.6480780355392959,TN
zákonem,[Context Not Available],gold_doc_0313,0,0,-0.6493330430142201,TN
česká,[Context Not Available],gold_doc_0435,0,0,-0.6571460015279982,TN
prosinec,[Context Not Available],gold_doc_0276,0,0,-0.6688312382014914,TN
za,[Context Not Available],gold_doc_0237,0,0,-0.6808394485139644,TN
.,[Context Not Available],gold_doc_0014,0,0,-0.6975175005848087,TN
jednotku,[Context Not Available],gold_doc_0385,0,0,-0.707517294333222,TN
Opravdu,[Context Not Available],gold_doc_0077,0,0,-0.7106407721523738,TN
ANO,[Context Not Available],gold_doc_0280,0,0,-0.7145969390594971,TN
tu,[Context Not Available],gold_doc_0077,0,0,-0.714796018837319,TN
práce,[Context Not Available],gold_doc_0014,0,0,-0.7266621333315442,TN
nelegálně,[Context Not Available],gold_doc_0327,0,0,-0.737253924171597,TN
podobných,[Context Not Available],gold_doc_0243,0,0,-0.7375406678251899,TN
specialistů,[Context Not Available],gold_doc_0371,0,0,-0.7414512442129428,TN
Tento,[Context Not Available],gold_doc_0304,0,0,-0.7514918777908761,TN
spolupráci,[Context Not Available],gold_doc_0242,0,0,-0.7723554729780382,TN
.,[Context Not Available],gold_doc_0430,0,0,-0.7742461929365945,TN
terapie,[Context Not Available],gold_doc_0392,0,0,-0.7792268560682274,TN
spisy,[Context Not Available],gold_doc_0106,0,0,-0.787265917054949,TN
V,[Context Not Available],gold_doc_0230,0,0,-0.7876369929881157,TN
alarmující,[Context Not Available],gold_doc_0014,1,0,-0.7886542556208234,FN
vypadá,[Context Not Available],gold_doc_0031,0,0,-0.7936895475026091,TN
Plán,[Context Not Available],gold_doc_0246,0,0,-0.8000848049493534,TN
sto,[Context Not Available],gold_doc_0071,0,0,-0.8065229431776189,TN
.,[Context Not Available],gold_doc_0010,0,0,-0.8164039021252911,TN
není,[Context Not Available],gold_doc_0495,0,0,-0.8171268244894385,TN
",",[Context Not Available],gold_doc_0077,0,0,-0.8201794616779203,TN
roku,[Context Not Available],gold_doc_0246,0,0,-0.824607329371613,TN
sezóny,[Context Not Available],gold_doc_0388,0,0,-0.828232995970037,TN
od,[Context Not Available],gold_doc_0295,0,0,-0.8356991519790888,TN
zlom,[Context Not Available],gold_doc_0339,1,0,-0.8546020395659752,FN
je,[Context Not Available],gold_doc_0421,0,0,-0.8553095326903168,TN
označit,[Context Not Available],gold_doc_0044,0,0,-0.8695612900896386,TN
nákladní,[Context Not Available],gold_doc_0174,0,0,-0.8753732205445068,TN
náměstím,[Context Not Available],gold_doc_0415,0,0,-0.879332049679757,TN
strany,[Context Not Available],gold_doc_0217,0,0,-0.8812641628676054,TN
1500,[Context Not Available],gold_doc_0159,0,0,-0.8981866228931104,TN
pouze,[Context Not Available],gold_doc_0078,0,0,-0.9002996553873928,TN
měl,[Context Not Available],gold_doc_0138,0,0,-0.9157151286974639,TN
průběhu,[Context Not Available],gold_doc_0201,0,0,-0.9244076832298305,TN
Nový,[Context Not Available],gold_doc_0305,0,0,-0.9252137434766965,TN
ale,[Context Not Available],gold_doc_0495,0,0,-0.9322300373507844,TN
večer,[Context Not Available],gold_doc_0085,0,0,-0.9335658713340038,TN
A,[Context Not Available],gold_doc_0078,0,0,-0.9344075569537793,TN
pouze,[Context Not Available],gold_doc_0317,0,0,-0.9448434275376094,TN
Státní,[Context Not Available],gold_doc_0242,0,0,-0.9491612194807395,TN
jsou,[Context Not Available],gold_doc_0421,0,0,-0.9548988791259418,TN
osobních,[Context Not Available],gold_doc_0174,0,0,-0.957161823470269,TN
",",[Context Not Available],gold_doc_0078,0,0,-0.9574909754399172,TN
.,[Context Not Available],gold_doc_0011,0,0,-0.9610763429403129,TN
pět,[Context Not Available],gold_doc_0073,0,0,-0.9649278954436298,TN
papírů,[Context Not Available],gold_doc_0155,0,0,-0.9662140986860592,TN
jaký,[Context Not Available],gold_doc_0085,0,0,-0.9677393465730972,TN
spotřebitele,[Context Not Available],gold_doc_0353,0,0,-0.9790374031211257,TN
omluvit,[Context Not Available],gold_doc_0143,0,0,-0.9792917672701087,TN
150,[Context Not Available],gold_doc_0295,0,0,-0.9879580523999216,TN
bankrotu,[Context Not Available],gold_doc_0334,0,0,-1.0032382114031826,TN
Tento,[Context Not Available],gold_doc_0041,0,0,-1.0048580258976791,TN
zájemců,[Context Not Available],gold_doc_0073,0,0,-1.005927057195656,TN
o,[Context Not Available],gold_doc_0077,0,0,-1.0074827539673876,TN
výraz,[Context Not Available],gold_doc_0143,0,0,-1.009960745618919,TN
obnovu,[Context Not Available],gold_doc_0264,0,0,-1.012757730169902,TN
Za,[Context Not Available],gold_doc_0375,0,0,-1.0154397415691143,TN
.,[Context Not Available],gold_doc_0216,0,0,-1.0229739365684978,TN
v,[Context Not Available],gold_doc_0143,0,0,-1.0258684447124544,TN
ze,[Context Not Available],gold_doc_0041,0,0,-1.0299105459388969,TN
procenta,[Context Not Available],gold_doc_0155,0,0,-1.0399086308511727,TN
Dánsko,[Context Not Available],gold_doc_0080,0,0,-1.0399797469619507,TN
to,[Context Not Available],gold_doc_0375,1,0,-1.042869836792132,FN
obchodního,[Context Not Available],gold_doc_0155,0,0,-1.045107399319292,TN
nádrží,[Context Not Available],gold_doc_0430,0,0,-1.0473721447794588,TN
poklesla,[Context Not Available],gold_doc_0155,0,0,-1.050227909670344,TN
terapie,[Context Not Available],gold_doc_0192,0,0,-1.0552729614735767,TN
20,[Context Not Available],gold_doc_0180,0,0,-1.056017714733251,TN
koupání,[Context Not Available],gold_doc_0430,0,0,-1.0599342209534584,TN
průměru,[Context Not Available],gold_doc_0210,0,0,-1.0631271635306092,TN
novému,[Context Not Available],gold_doc_0168,0,0,-1.0644894176533235,TN
strojů,[Context Not Available],gold_doc_0357,0,0,-1.0671417290021026,TN
Nové,[Context Not Available],gold_doc_0122,0,0,-1.0757859883791632,TN
Je,[Context Not Available],gold_doc_0491,0,0,-1.0783051504509906,TN
studie,[Context Not Available],gold_doc_0392,0,0,-1.0807424616223251,TN
Babiš,[Context Not Available],gold_doc_0045,0,0,-1.0950095590663658,TN
jeskyní,[Context Not Available],gold_doc_0244,0,0,-1.106985489434333,TN
pod,[Context Not Available],gold_doc_0281,0,0,-1.1221930713619273,TN
tání,[Context Not Available],gold_doc_0361,0,0,-1.1244537407903827,TN
žen,[Context Not Available],gold_doc_0210,0,0,-1.1283642396557099,TN
.,[Context Not Available],gold_doc_0143,0,0,-1.132929160519506,TN
se,[Context Not Available],gold_doc_0143,0,0,-1.1338609812288993,TN
v,[Context Not Available],gold_doc_0405,0,0,-1.1379659311400054,TN
měření,[Context Not Available],gold_doc_0361,0,0,-1.1406001615696688,TN
nočního,[Context Not Available],gold_doc_0320,0,0,-1.146090333797197,TN
turistů,[Context Not Available],gold_doc_0464,0,0,-1.1474816800626506,TN
hodnotě,[Context Not Available],gold_doc_0165,0,0,-1.1493216361336565,TN
.,[Context Not Available],gold_doc_0305,0,0,-1.1589559487900871,TN
je,[Context Not Available],gold_doc_0007,0,0,-1.16032888888477,TN
regionech,[Context Not Available],gold_doc_0014,0,0,-1.1787939825307774,TN
zpracování,[Context Not Available],gold_doc_0216,0,0,-1.1821593040174712,TN
dvaceti,[Context Not Available],gold_doc_0371,0,0,-1.1858607657588216,TN
vyhlášení,[Context Not Available],gold_doc_0059,0,0,-1.1869514343041132,TN
Praze,[Context Not Available],gold_doc_0291,0,0,-1.1953291865988938,TN
populaci,[Context Not Available],gold_doc_0304,0,0,-1.2004600490153727,TN
Václavské,[Context Not Available],gold_doc_0502,0,0,-1.2028362820751646,TN
nalezeny,[Context Not Available],gold_doc_0121,0,0,-1.207829719078262,TN
život,[Context Not Available],gold_doc_0106,0,0,-1.2193510636510005,TN
Za,[Context Not Available],gold_doc_0431,0,0,-1.223461052987627,TN
pokuta,[Context Not Available],gold_doc_0431,0,0,-1.2243667749605578,TN
doby,[Context Not Available],gold_doc_0295,0,0,-1.2336060655247216,TN
nachází,[Context Not Available],gold_doc_0415,0,0,-1.2336825948305687,TN
procenta,[Context Not Available],gold_doc_0215,0,0,-1.2365418792268486,TN
meziročně,[Context Not Available],gold_doc_0329,0,0,-1.2445393876094073,TN
a,[Context Not Available],gold_doc_0210,0,0,-1.2459146662622977,TN
bojovat,[Context Not Available],gold_doc_0138,0,0,-1.2567324654052676,TN
trvající,[Context Not Available],gold_doc_0237,0,0,-1.2629088615599358,TN
na,[Context Not Available],gold_doc_0143,0,0,-1.2674333632375827,TN
",",[Context Not Available],gold_doc_0143,0,0,-1.2705271465329417,TN
o,[Context Not Available],gold_doc_0389,0,0,-1.271983514762379,TN
základy,[Context Not Available],gold_doc_0378,0,0,-1.281333139369206,TN
svatého,[Context Not Available],gold_doc_0195,0,0,-1.2829893243144568,TN
speciální,[Context Not Available],gold_doc_0385,0,0,-1.2831075939671024,TN
.,[Context Not Available],gold_doc_0389,0,0,-1.286034546967489,TN
.,[Context Not Available],gold_doc_0357,0,0,-1.2915982437921976,TN
tváře,[Context Not Available],gold_doc_0059,1,0,-1.2959599847334644,FN
pondělí,[Context Not Available],gold_doc_0276,0,0,-1.2967083151758274,TN
pracovním,[Context Not Available],gold_doc_0495,0,0,-1.3055152654872302,TN
asi,[Context Not Available],gold_doc_0071,1,0,-1.3060571981055595,FN
SS,[Context Not Available],gold_doc_0230,0,0,-1.3066559059694107,TN
Labi,[Context Not Available],gold_doc_0389,0,0,-1.3077973363814834,TN
.,[Context Not Available],gold_doc_0242,0,0,-1.3094278093316234,TN
",",[Context Not Available],gold_doc_0155,0,0,-1.3169757762485972,TN
ze,[Context Not Available],gold_doc_0217,0,0,-1.3186766558756098,TN
450,[Context Not Available],gold_doc_0370,0,0,-1.320944858044598,TN
.,[Context Not Available],gold_doc_0042,0,0,-1.326379397919343,TN
deset,[Context Not Available],gold_doc_0216,0,0,-1.3277693382166262,TN
za,[Context Not Available],gold_doc_0143,0,0,-1.329650178099154,TN
4,[Context Not Available],gold_doc_0166,0,0,-1.3350486676332878,TN
celou,[Context Not Available],gold_doc_0073,0,0,-1.3430546978798468,TN
odborníků,[Context Not Available],gold_doc_0371,0,0,-1.3442349579935708,TN
hodnotě,[Context Not Available],gold_doc_0291,0,0,-1.351547316996914,TN
.,[Context Not Available],gold_doc_0059,0,0,-1.3570131722864573,TN
slouží,[Context Not Available],gold_doc_0228,0,0,-1.3570802457201836,TN
pracovních,[Context Not Available],gold_doc_0165,0,0,-1.3583687909086741,TN
sousedních,[Context Not Available],gold_doc_0205,0,0,-1.3709803016604667,TN
o,[Context Not Available],gold_doc_0216,0,0,-1.3719047524355972,TN
díla,[Context Not Available],gold_doc_0295,0,0,-1.373016197152598,TN
4,[Context Not Available],gold_doc_0287,0,0,-1.3765224183649991,TN
tu,[Context Not Available],gold_doc_0122,0,0,-1.3775141364125751,TN
známém,[Context Not Available],gold_doc_0517,0,0,-1.3783796659283745,TN
minulosti,[Context Not Available],gold_doc_0313,0,0,-1.3835911303383774,TN
i,[Context Not Available],gold_doc_0280,0,0,-1.3857109284737916,TN
.,[Context Not Available],gold_doc_0210,0,0,-1.3860799317680588,TN
dní,[Context Not Available],gold_doc_0216,0,0,-1.3894548589165794,TN
neděli,[Context Not Available],gold_doc_0085,0,0,-1.3925640311384342,TN
to,[Context Not Available],gold_doc_0491,0,0,-1.3948001693984473,TN
.,[Context Not Available],gold_doc_0353,0,0,-1.395417288942891,TN
.,[Context Not Available],gold_doc_0007,0,0,-1.3989169519041198,TN
.,[Context Not Available],gold_doc_0003,0,0,-1.399453694175115,TN
hlavní,[Context Not Available],gold_doc_0077,0,0,-1.4038734575133986,TN
dopravy,[Context Not Available],gold_doc_0174,0,0,-1.406305399626568,TN
.,[Context Not Available],gold_doc_0264,0,0,-1.407708452152189,TN
růst,[Context Not Available],gold_doc_0011,0,0,-1.4174677076748843,TN
té,[Context Not Available],gold_doc_0371,1,0,-1.4274830839718646,FN
ANO,[Context Not Available],gold_doc_0059,0,0,-1.4276159982297507,TN
tisíc,[Context Not Available],gold_doc_0159,0,0,-1.4276292610203996,TN
let,[Context Not Available],gold_doc_0237,0,0,-1.437296297597971,TN
začátku,[Context Not Available],gold_doc_0388,0,0,-1.4380330116948663,TN
důležitých,[Context Not Available],gold_doc_0317,0,0,-1.4389310247700031,TN
které,[Context Not Available],gold_doc_0121,0,0,-1.441597308225404,TN
z,[Context Not Available],gold_doc_0243,0,0,-1.4424412033722582,TN
úřadě,[Context Not Available],gold_doc_0495,0,0,-1.4480047051299927,TN
vozidel,[Context Not Available],gold_doc_0174,0,0,-1.453509745373335,TN
.,[Context Not Available],gold_doc_0159,0,0,-1.457245490026576,TN
.,[Context Not Available],gold_doc_0056,0,0,-1.4589525507857601,TN
ale,[Context Not Available],gold_doc_0031,0,0,-1.461251113173283,TN
Stále,[Context Not Available],gold_doc_0084,0,0,-1.4623317532380504,TN
znamenají,[Context Not Available],gold_doc_0339,0,0,-1.4654775590070876,TN
uvolnění,[Context Not Available],gold_doc_0388,0,0,-1.4661047639817717,TN
uzavřelo,[Context Not Available],gold_doc_0242,0,0,-1.4682901138357458,TN
.,[Context Not Available],gold_doc_0502,0,0,-1.4685090847213687,TN
a,[Context Not Available],gold_doc_0338,0,0,-1.4705001959971682,TN
.,[Context Not Available],gold_doc_0287,0,0,-1.4717112151553238,TN
pod,[Context Not Available],gold_doc_0415,0,0,-1.4742093931959737,TN
.,[Context Not Available],gold_doc_0385,0,0,-1.4750363320929658,TN
který,[Context Not Available],gold_doc_0080,0,0,-1.4751379917633507,TN
země,[Context Not Available],gold_doc_0339,0,0,-1.4758677458527636,TN
milionů,[Context Not Available],gold_doc_0165,0,0,-1.4759876544968193,TN
na,[Context Not Available],gold_doc_0431,0,0,-1.476797339221445,TN
vozidlech,[Context Not Available],gold_doc_0010,0,0,-1.4785591581600066,TN
250,[Context Not Available],gold_doc_0371,0,0,-1.480298025567798,TN
.,[Context Not Available],gold_doc_0217,0,0,-1.4819117830161233,TN
.,[Context Not Available],gold_doc_0246,0,0,-1.4839346882272046,TN
období,[Context Not Available],gold_doc_0378,0,0,-1.4890035676080977,TN
pravidel,[Context Not Available],gold_doc_0056,0,0,-1.4897761972465915,TN
12,[Context Not Available],gold_doc_0291,0,0,-1.4931746429957364,TN
v,[Context Not Available],gold_doc_0240,0,0,-1.4935735344871688,TN
na,[Context Not Available],gold_doc_0159,0,0,-1.4941337088847106,TN
odvětvích,[Context Not Available],gold_doc_0215,0,0,-1.4955772897648032,TN
případ,[Context Not Available],gold_doc_0080,0,0,-1.4968619043131604,TN
v,[Context Not Available],gold_doc_0078,0,0,-1.500967481806164,TN
odvětvích,[Context Not Available],gold_doc_0007,0,0,-1.5061497616703647,TN
menších,[Context Not Available],gold_doc_0014,0,0,-1.5063948544482741,TN
příští,[Context Not Available],gold_doc_0375,0,0,-1.5088452379695099,TN
.,[Context Not Available],gold_doc_0280,0,0,-1.5092353957304105,TN
.,[Context Not Available],gold_doc_0291,0,0,-1.5096054217091712,TN
aféra,[Context Not Available],gold_doc_0085,0,0,-1.50999983591376,TN
týden,[Context Not Available],gold_doc_0375,0,0,-1.5103278530868316,TN
minulosti,[Context Not Available],gold_doc_0143,0,0,-1.512428364988594,TN
fasádu,[Context Not Available],gold_doc_0195,0,0,-1.513090277098737,TN
kilometrů,[Context Not Available],gold_doc_0246,0,0,-1.5145582772055093,TN
měsíc,[Context Not Available],gold_doc_0072,0,0,-1.5165046664595927,TN
0,[Context Not Available],gold_doc_0169,0,0,-1.5197309392641252,TN
dvacet,[Context Not Available],gold_doc_0453,0,0,-1.5238699520833592,TN
.,[Context Not Available],gold_doc_0243,0,0,-1.5284566994772817,TN
.,[Context Not Available],gold_doc_0084,0,0,-1.5320350991885476,TN
peníze,[Context Not Available],gold_doc_0237,0,0,-1.5349629148059947,TN
.,[Context Not Available],gold_doc_0180,0,0,-1.5371387956856886,TN
.,[Context Not Available],gold_doc_0361,0,0,-1.5372978403588284,TN
zemi,[Context Not Available],gold_doc_0327,0,0,-1.5386607534886068,TN
to,[Context Not Available],gold_doc_0031,0,0,-1.5408392347663593,TN
politické,[Context Not Available],gold_doc_0339,0,0,-1.5422230798265772,TN
vulgární,[Context Not Available],gold_doc_0143,0,0,-1.5424548267100562,TN
cenných,[Context Not Available],gold_doc_0155,0,0,-1.5444846618194816,TN
mluvit,[Context Not Available],gold_doc_0078,0,0,-1.5450096780637743,TN
inteligenci,[Context Not Available],gold_doc_0281,0,0,-1.5497452763139776,TN
vozidlo,[Context Not Available],gold_doc_0385,0,0,-1.558574493923384,TN
se,[Context Not Available],gold_doc_0415,0,0,-1.5592958303706936,TN
úrovně,[Context Not Available],gold_doc_0159,0,0,-1.560720060209544,TN
o,[Context Not Available],gold_doc_0329,0,0,-1.5645661300697462,TN
.,[Context Not Available],gold_doc_0166,0,0,-1.5651561194776953,TN
hodnota,[Context Not Available],gold_doc_0384,0,0,-1.5689990104391711,TN
115,[Context Not Available],gold_doc_0242,0,0,-1.5708061908626334,TN
stovky,[Context Not Available],gold_doc_0361,0,0,-1.5766635832616807,TN
Už,[Context Not Available],gold_doc_0085,0,0,-1.5775370613466464,TN
společností,[Context Not Available],gold_doc_0242,0,0,-1.5777517228628817,TN
zemích,[Context Not Available],gold_doc_0084,0,0,-1.584061730068548,TN
dvě,[Context Not Available],gold_doc_0215,0,0,-1.5866494696789353,TN
.,[Context Not Available],gold_doc_0044,0,0,-1.5886947519624037,TN
důchodců,[Context Not Available],gold_doc_0044,0,0,-1.5894063540677443,TN
Řidiči,[Context Not Available],gold_doc_0442,0,0,-1.5898826207298313,TN
celkové,[Context Not Available],gold_doc_0291,0,0,-1.590950392191072,TN
jednání,[Context Not Available],gold_doc_0320,0,0,-1.5916568436009584,TN
průmyslového,[Context Not Available],gold_doc_0242,0,0,-1.592087988753498,TN
v,[Context Not Available],gold_doc_0243,0,0,-1.5954242071358067,TN
.,[Context Not Available],gold_doc_0073,0,0,-1.6000758725930027,TN
voličů,[Context Not Available],gold_doc_0240,0,0,-1.6013032575895991,TN
plný,[Context Not Available],gold_doc_0106,0,0,-1.6082869957035335,TN
víkend,[Context Not Available],gold_doc_0507,0,0,-1.6119997573061262,TN
.,[Context Not Available],gold_doc_0088,0,0,-1.6182210383367845,TN
Nové,[Context Not Available],gold_doc_0237,0,0,-1.6201484903360317,TN
ten,[Context Not Available],gold_doc_0313,1,0,-1.6258374630756727,FN
oblasti,[Context Not Available],gold_doc_0283,0,0,-1.6327052561730007,TN
co,[Context Not Available],gold_doc_0276,0,0,-1.6355210899805606,TN
za,[Context Not Available],gold_doc_0384,0,0,-1.6362352042492034,TN
000,[Context Not Available],gold_doc_0370,0,0,-1.6447696569580437,TN
Součástí,[Context Not Available],gold_doc_0427,0,0,-1.6456517715035872,TN
55,[Context Not Available],gold_doc_0384,0,0,-1.6457523137994343,TN
zemi,[Context Not Available],gold_doc_0329,0,0,-1.6458514623899703,TN
ministr,[Context Not Available],gold_doc_0138,0,0,-1.6461261075007272,TN
0,[Context Not Available],gold_doc_0217,0,0,-1.6530701239425412,TN
populaci,[Context Not Available],gold_doc_0159,0,0,-1.6544171563211414,TN
otevřou,[Context Not Available],gold_doc_0507,0,0,-1.654513447231512,TN
Euro,[Context Not Available],gold_doc_0166,0,0,-1.659203652398336,TN
majetku,[Context Not Available],gold_doc_0180,0,0,-1.6602153595163784,TN
.,[Context Not Available],gold_doc_0317,0,0,-1.6616105526622604,TN
záhad,[Context Not Available],gold_doc_0106,0,0,-1.6622506202547598,TN
.,[Context Not Available],gold_doc_0174,0,0,-1.66361266822366,TN
.,[Context Not Available],gold_doc_0329,0,0,-1.6731583967017194,TN
úroveň,[Context Not Available],gold_doc_0169,0,0,-1.67558784493702,TN
v,[Context Not Available],gold_doc_0276,0,0,-1.6824669102053704,TN
Evropská,[Context Not Available],gold_doc_0281,0,0,-1.6825237699489044,TN
.,[Context Not Available],gold_doc_0495,0,0,-1.6828090892475664,TN
Většina,[Context Not Available],gold_doc_0430,0,0,-1.6864603602847836,TN
.,[Context Not Available],gold_doc_0205,0,0,-1.6887925103036068,TN
.,[Context Not Available],gold_doc_0283,0,0,-1.6928283220873332,TN
Byly,[Context Not Available],gold_doc_0121,0,0,-1.695052322418384,TN
za,[Context Not Available],gold_doc_0071,0,0,-1.6951878232057709,TN
.,[Context Not Available],gold_doc_0078,0,0,-1.703518451871794,TN
z,[Context Not Available],gold_doc_0121,0,0,-1.7059384186723143,TN
.,[Context Not Available],gold_doc_0122,0,0,-1.7059449810410214,TN
vedlo,[Context Not Available],gold_doc_0011,0,0,-1.706524492164018,TN
o,[Context Not Available],gold_doc_0155,0,0,-1.709559150415135,TN
Na,[Context Not Available],gold_doc_0371,0,0,-1.7097238214371515,TN
které,[Context Not Available],gold_doc_0091,0,0,-1.7120738121504715,TN
práce,[Context Not Available],gold_doc_0007,0,0,-1.7206683647610355,TN
.,[Context Not Available],gold_doc_0388,0,0,-1.7210019768714275,TN
firmu,[Context Not Available],gold_doc_0042,0,0,-1.725981244131546,TN
výzkum,[Context Not Available],gold_doc_0305,0,0,-1.730068215013251,TN
nečekaný,[Context Not Available],gold_doc_0091,0,0,-1.7307417866708192,TN
celém,[Context Not Available],gold_doc_0512,0,0,-1.731334326999722,TN
Na,[Context Not Available],gold_doc_0392,0,0,-1.738112923282003,TN
pacientů,[Context Not Available],gold_doc_0392,0,0,-1.7444684130991703,TN
to,[Context Not Available],gold_doc_0085,0,0,-1.7449591222435181,TN
termínech,[Context Not Available],gold_doc_0078,0,0,-1.7577301898470346,TN
.,[Context Not Available],gold_doc_0442,0,0,-1.757811170972289,TN
k,[Context Not Available],gold_doc_0077,0,0,-1.7674231370755074,TN
Systém,[Context Not Available],gold_doc_0201,0,0,-1.7695091539210637,TN
Vedení,[Context Not Available],gold_doc_0334,0,0,-1.775969951857519,TN
také,[Context Not Available],gold_doc_0385,0,0,-1.7809844806948156,TN
středověku,[Context Not Available],gold_doc_0121,0,0,-1.7812594552906695,TN
mzdy,[Context Not Available],gold_doc_0210,0,0,-1.784277289368294,TN
zúčastnilo,[Context Not Available],gold_doc_0357,0,0,-1.786611011886233,TN
slov,[Context Not Available],gold_doc_0042,0,0,-1.7885506582378063,TN
dvacet,[Context Not Available],gold_doc_0455,0,0,-1.7904821039351901,TN
500,[Context Not Available],gold_doc_0357,0,0,-1.7940409050055557,TN
nové,[Context Not Available],gold_doc_0388,0,0,-1.7981620316434999,TN
událostí,[Context Not Available],gold_doc_0243,0,0,-1.7990461300019547,TN
tiskové,[Context Not Available],gold_doc_0059,0,0,-1.803063029151069,TN
všech,[Context Not Available],gold_doc_0073,0,0,-1.8055001148490497,TN
velmi,[Context Not Available],gold_doc_0304,0,0,-1.8059876614863732,TN
jednoho,[Context Not Available],gold_doc_0174,0,0,-1.8079786788382393,TN
Škoda,[Context Not Available],gold_doc_0180,0,0,-1.810091083701444,TN
body,[Context Not Available],gold_doc_0442,0,0,-1.8101350137419274,TN
desítky,[Context Not Available],gold_doc_0121,1,0,-1.8186583625719024,FN
katedrála,[Context Not Available],gold_doc_0237,0,0,-1.8213992621198116,TN
roku,[Context Not Available],gold_doc_0201,0,0,-1.8225754986941283,TN
této,[Context Not Available],gold_doc_0305,0,0,-1.8237981894816535,TN
tato,[Context Not Available],gold_doc_0392,1,0,-1.8306786777693134,FN
.,[Context Not Available],gold_doc_0424,0,0,-1.831770516219997,TN
procent,[Context Not Available],gold_doc_0353,0,0,-1.8351276519320088,TN
který,[Context Not Available],gold_doc_0313,0,0,-1.840266773452452,TN
zahrnují,[Context Not Available],gold_doc_0361,0,0,-1.8445651930689344,TN
50,[Context Not Available],gold_doc_0295,0,0,-1.8468093335437814,TN
.,[Context Not Available],gold_doc_0435,0,0,-1.847006320417016,TN
státech,[Context Not Available],gold_doc_0080,0,0,-1.8484142638503442,TN
.,[Context Not Available],gold_doc_0517,0,0,-1.8496650250538487,TN
třicet,[Context Not Available],gold_doc_0440,0,0,-1.8514064897933338,TN
byla,[Context Not Available],gold_doc_0230,0,0,-1.851939598638797,TN
i,[Context Not Available],gold_doc_0475,0,0,-1.8542415794278533,TN
posledním,[Context Not Available],gold_doc_0353,0,0,-1.8545227919803366,TN
problémy,[Context Not Available],gold_doc_0313,0,0,-1.8553639460266105,TN
orgánů,[Context Not Available],gold_doc_0011,0,0,-1.8588961048403334,TN
.,[Context Not Available],gold_doc_0384,0,0,-1.8591487470685948,TN
.,[Context Not Available],gold_doc_0304,0,0,-1.861245386031328,TN
.,[Context Not Available],gold_doc_0045,0,0,-1.8659662402605655,TN
klíčových,[Context Not Available],gold_doc_0042,0,0,-1.8659864754061992,TN
8,[Context Not Available],gold_doc_0217,0,0,-1.8669622467825917,TN
proces,[Context Not Available],gold_doc_0370,0,0,-1.8767645499197485,TN
je,[Context Not Available],gold_doc_0313,0,0,-1.8826010973796485,TN
.,[Context Not Available],gold_doc_0031,0,0,-1.8885886623965078,TN
v,[Context Not Available],gold_doc_0041,0,0,-1.8999200831238099,TN
státech,[Context Not Available],gold_doc_0205,0,0,-1.9029681388033595,TN
.,[Context Not Available],gold_doc_0215,0,0,-1.9053537941299474,TN
systém,[Context Not Available],gold_doc_0276,0,0,-1.9064870480608498,TN
typickým,[Context Not Available],gold_doc_0305,1,0,-1.9091716843673758,FN
hnutí,[Context Not Available],gold_doc_0059,0,0,-1.9190087498588078,TN
připravují,[Context Not Available],gold_doc_0228,0,0,-1.9202406954986309,TN
milionů,[Context Not Available],gold_doc_0180,0,0,-1.9250657236866076,TN
je,[Context Not Available],gold_doc_0427,0,0,-1.9262231387346702,TN
pacientů,[Context Not Available],gold_doc_0192,0,0,-1.9282559923592757,TN
výstavby,[Context Not Available],gold_doc_0205,0,0,-1.9313938406426487,TN
reakci,[Context Not Available],gold_doc_0011,0,0,-1.931939805836528,TN
země,[Context Not Available],gold_doc_0031,0,0,-1.938270169178491,TN
také,[Context Not Available],gold_doc_0378,0,0,-1.9398043004076726,TN
spotřebitele,[Context Not Available],gold_doc_0283,0,0,-1.9406130362961527,TN
Těch,[Context Not Available],gold_doc_0370,0,0,-1.9406751149986974,TN
.,[Context Not Available],gold_doc_0244,0,0,-1.9408686020125856,TN
skupině,[Context Not Available],gold_doc_0192,0,0,-1.9409944151922076,TN
stran,[Context Not Available],gold_doc_0370,0,0,-1.9411035799905356,TN
tato,[Context Not Available],gold_doc_0338,0,0,-1.944974726157362,TN
Z,[Context Not Available],gold_doc_0378,0,0,-1.9451486605728654,TN
.,[Context Not Available],gold_doc_0339,0,0,-1.945191889044306,TN
jak,[Context Not Available],gold_doc_0106,0,0,-1.951027889718386,TN
.,[Context Not Available],gold_doc_0370,0,0,-1.9517464662761554,TN
o,[Context Not Available],gold_doc_0169,0,0,-1.9580128884041947,TN
2,[Context Not Available],gold_doc_0329,0,0,-1.9587923544636112,TN
z,[Context Not Available],gold_doc_0237,0,0,-1.9626868634440768,TN
v,[Context Not Available],gold_doc_0291,0,0,-1.9669675936997777,TN
nehodě,[Context Not Available],gold_doc_0174,0,0,-1.967542346296085,TN
.,[Context Not Available],gold_doc_0281,0,0,-1.9680553533416152,TN
zdanění,[Context Not Available],gold_doc_0084,0,0,-1.9696034024894473,TN
došlo,[Context Not Available],gold_doc_0077,0,0,-1.9703775286736516,TN
investiční,[Context Not Available],gold_doc_0242,0,0,-1.9704656532965608,TN
v,[Context Not Available],gold_doc_0180,0,0,-1.9723610815048573,TN
domů,[Context Not Available],gold_doc_0378,0,0,-1.9737819806554526,TN
.,[Context Not Available],gold_doc_0512,0,0,-1.973834140095633,TN
zakázky,[Context Not Available],gold_doc_0384,0,0,-1.977242392682399,TN
případ,[Context Not Available],gold_doc_0091,0,0,-1.9776480700099945,TN
celý,[Context Not Available],gold_doc_0041,0,0,-1.9780971961989806,TN
.,[Context Not Available],gold_doc_0327,0,0,-1.9787927141795443,TN
práce,[Context Not Available],gold_doc_0215,0,0,-1.9825227445280618,TN
miliard,[Context Not Available],gold_doc_0291,0,0,-1.983170775001902,TN
vedou,[Context Not Available],gold_doc_0317,0,0,-1.9866975023500757,TN
.,[Context Not Available],gold_doc_0240,0,0,-1.9894104347394403,TN
potvrdil,[Context Not Available],gold_doc_0071,0,0,-1.9934639723055625,TN
účinnost,[Context Not Available],gold_doc_0392,0,0,-2.0007588725132948,TN
se,[Context Not Available],gold_doc_0080,0,0,-2.00170497023219,TN
v,[Context Not Available],gold_doc_0210,0,0,-2.0017148149834014,TN
ochrany,[Context Not Available],gold_doc_0283,0,0,-2.0020291702194015,TN
korun,[Context Not Available],gold_doc_0453,0,0,-2.0058570089730132,TN
jednání,[Context Not Available],gold_doc_0056,0,0,-2.0068510617547624,TN
vjezd,[Context Not Available],gold_doc_0287,0,0,-2.0073724631808325,TN
fáze,[Context Not Available],gold_doc_0088,0,0,-2.0150840372421186,TN
pravidel,[Context Not Available],gold_doc_0283,0,0,-2.0167345526597877,TN
.,[Context Not Available],gold_doc_0165,0,0,-2.020017986275988,TN
tlakem,[Context Not Available],gold_doc_0281,0,0,-2.0208059909400973,TN
obou,[Context Not Available],gold_doc_0205,0,0,-2.0238550074998862,TN
Toto,[Context Not Available],gold_doc_0244,0,0,-2.025380212446464,TN
který,[Context Not Available],gold_doc_0305,0,0,-2.0271041114390975,TN
kvůli,[Context Not Available],gold_doc_0031,0,0,-2.029484275237987,TN
Rakousku,[Context Not Available],gold_doc_0080,0,0,-2.030728193678627,TN
korun,[Context Not Available],gold_doc_0165,0,0,-2.0332923408018004,TN
české,[Context Not Available],gold_doc_0044,0,0,-2.03543405355461,TN
korun,[Context Not Available],gold_doc_0455,0,0,-2.0356554726632403,TN
800,[Context Not Available],gold_doc_0165,0,0,-2.0418632838503186,TN
prodejní,[Context Not Available],gold_doc_0276,0,0,-2.0496331453446075,TN
plánování,[Context Not Available],gold_doc_0242,0,0,-2.05342614383823,TN
",",[Context Not Available],gold_doc_0313,0,0,-2.0544006638615784,TN
předběžně,[Context Not Available],gold_doc_0180,0,0,-2.055447228797153,TN
Euro,[Context Not Available],gold_doc_0287,0,0,-2.055794315099405,TN
nových,[Context Not Available],gold_doc_0427,0,0,-2.055874926608702,TN
malé,[Context Not Available],gold_doc_0338,0,0,-2.0579333431642723,TN
s,[Context Not Available],gold_doc_0329,0,0,-2.0651613771529718,TN
.,[Context Not Available],gold_doc_0041,0,0,-2.065406500696426,TN
je,[Context Not Available],gold_doc_0084,0,0,-2.0662310367974293,TN
zhruba,[Context Not Available],gold_doc_0242,1,0,-2.071124368919328,FN
vhodná,[Context Not Available],gold_doc_0430,0,0,-2.072492833858057,TN
etapa,[Context Not Available],gold_doc_0195,0,0,-2.0736433212575065,TN
",",[Context Not Available],gold_doc_0106,0,0,-2.079504812526018,TN
nalezeny,[Context Not Available],gold_doc_0378,0,0,-2.0818836312654376,TN
",",[Context Not Available],gold_doc_0217,0,0,-2.082085006142904,TN
společností,[Context Not Available],gold_doc_0122,0,0,-2.0826739865195343,TN
za,[Context Not Available],gold_doc_0334,0,0,-2.089414406277559,TN
možnost,[Context Not Available],gold_doc_0334,0,0,-2.0901022724337643,TN
celé,[Context Not Available],gold_doc_0502,0,0,-2.0952624772826134,TN
celou,[Context Not Available],gold_doc_0304,0,0,-2.0972964117561226,TN
developer,[Context Not Available],gold_doc_0313,0,0,-2.097987860757044,TN
pocházejí,[Context Not Available],gold_doc_0121,0,0,-2.0989090929229484,TN
a,[Context Not Available],gold_doc_0378,0,0,-2.0989481975183075,TN
.,[Context Not Available],gold_doc_0106,0,0,-2.0990175345558235,TN
pět,[Context Not Available],gold_doc_0353,0,0,-2.101920305136826,TN
.,[Context Not Available],gold_doc_0342,0,0,-2.1043019149663955,TN
",",[Context Not Available],gold_doc_0138,0,0,-2.106321240647688,TN
.,[Context Not Available],gold_doc_0077,0,0,-2.1095120631759023,TN
na,[Context Not Available],gold_doc_0228,0,0,-2.1134402012069557,TN
nehody,[Context Not Available],gold_doc_0342,0,0,-2.113504029062984,TN
s,[Context Not Available],gold_doc_0287,0,0,-2.113536297497621,TN
je,[Context Not Available],gold_doc_0305,0,0,-2.1142795805711643,TN
.,[Context Not Available],gold_doc_0334,0,0,-2.116199165452084,TN
.,[Context Not Available],gold_doc_0475,0,0,-2.1178514037528196,TN
tento,[Context Not Available],gold_doc_0507,0,0,-2.1200906576830754,TN
.,[Context Not Available],gold_doc_0071,0,0,-2.121496600290037,TN
v,[Context Not Available],gold_doc_0165,0,0,-2.122671755723591,TN
.,[Context Not Available],gold_doc_0195,0,0,-2.1231637687711142,TN
se,[Context Not Available],gold_doc_0455,0,0,-2.125304985061746,TN
USA,[Context Not Available],gold_doc_0281,0,0,-2.1256810244372772,TN
celou,[Context Not Available],gold_doc_0042,0,0,-2.1266529286862337,TN
nálezů,[Context Not Available],gold_doc_0091,0,0,-2.1376436939970276,TN
roky,[Context Not Available],gold_doc_0244,0,0,-2.1419540243201958,TN
vlády,[Context Not Available],gold_doc_0281,0,0,-2.142675474317045,TN
Pro,[Context Not Available],gold_doc_0338,0,0,-2.1528562404217233,TN
.,[Context Not Available],gold_doc_0139,0,0,-2.154013361283532,TN
tří,[Context Not Available],gold_doc_0174,0,0,-2.1583644323260778,TN
část,[Context Not Available],gold_doc_0280,0,0,-2.158563730748835,TN
budou,[Context Not Available],gold_doc_0442,0,0,-2.1600734306248164,TN
v,[Context Not Available],gold_doc_0291,0,0,-2.1606728745905706,TN
peníze,[Context Not Available],gold_doc_0424,0,0,-2.161618804989324,TN
.,[Context Not Available],gold_doc_0421,0,0,-2.1628509875154727,TN
v,[Context Not Available],gold_doc_0085,0,0,-2.167241703921995,TN
silným,[Context Not Available],gold_doc_0281,1,0,-2.167752499710865,FN
jihu,[Context Not Available],gold_doc_0031,0,0,-2.1680173090446075,TN
.,[Context Not Available],gold_doc_0491,0,0,-2.168222187161188,TN
předal,[Context Not Available],gold_doc_0143,0,0,-2.1687210480993144,TN
chce,[Context Not Available],gold_doc_0056,0,0,-2.1748892777692106,TN
vhodných,[Context Not Available],gold_doc_0072,0,0,-2.182250644046153,TN
dostala,[Context Not Available],gold_doc_0237,0,0,-2.184506206922393,TN
.,[Context Not Available],gold_doc_0453,0,0,-2.1852732354558135,TN
osobností,[Context Not Available],gold_doc_0072,0,0,-2.191796243835668,TN
selhání,[Context Not Available],gold_doc_0011,0,0,-2.1923976106112804,TN
firem,[Context Not Available],gold_doc_0281,0,0,-2.1938987301888275,TN
První,[Context Not Available],gold_doc_0195,0,0,-2.1959819038754596,TN
došlo,[Context Not Available],gold_doc_0174,0,0,-2.1960514675395757,TN
projektu,[Context Not Available],gold_doc_0427,0,0,-2.1979543389088434,TN
síti,[Context Not Available],gold_doc_0031,0,0,-2.200295818691533,TN
V,[Context Not Available],gold_doc_0389,0,0,-2.203363142482374,TN
za,[Context Not Available],gold_doc_0334,0,0,-2.2054820647011546,TN
jízdu,[Context Not Available],gold_doc_0431,0,0,-2.2055927363781365,TN
můžeme,[Context Not Available],gold_doc_0044,0,0,-2.2061278664075097,TN
starším,[Context Not Available],gold_doc_0166,0,0,-2.2131970413612727,TN
skupině,[Context Not Available],gold_doc_0392,0,0,-2.2136461283699695,TN
stěžují,[Context Not Available],gold_doc_0464,0,0,-2.2138461868620745,TN
.,[Context Not Available],gold_doc_0121,0,0,-2.2164085577628576,TN
v,[Context Not Available],gold_doc_0291,0,0,-2.2180723638765407,TN
cest,[Context Not Available],gold_doc_0264,0,0,-2.2192608810503742,TN
kraji,[Context Not Available],gold_doc_0430,0,0,-2.2198198672512532,TN
procent,[Context Not Available],gold_doc_0210,0,0,-2.2243246014071083,TN
.,[Context Not Available],gold_doc_0507,0,0,-2.2244707487879474,TN
vjezd,[Context Not Available],gold_doc_0166,0,0,-2.226834170499565,TN
.,[Context Not Available],gold_doc_0091,0,0,-2.2270553573568463,TN
.,[Context Not Available],gold_doc_0155,0,0,-2.2282990159405465,TN
komise,[Context Not Available],gold_doc_0281,0,0,-2.2300292301461653,TN
.,[Context Not Available],gold_doc_0085,0,0,-2.2311309987197028,TN
náměstí,[Context Not Available],gold_doc_0512,0,0,-2.235479766454187,TN
",",[Context Not Available],gold_doc_0080,0,0,-2.2411387313318194,TN
.,[Context Not Available],gold_doc_0201,0,0,-2.244195231488934,TN
také,[Context Not Available],gold_doc_0168,0,0,-2.2460081901754556,TN
objevil,[Context Not Available],gold_doc_0080,0,0,-2.248091520361374,TN
velkých,[Context Not Available],gold_doc_0122,0,0,-2.2486047475490665,TN
kombinované,[Context Not Available],gold_doc_0192,0,0,-2.249092289503462,TN
.,[Context Not Available],gold_doc_0392,0,0,-2.251450346593323,TN
náměstí,[Context Not Available],gold_doc_0502,0,0,-2.2518386070302228,TN
",",[Context Not Available],gold_doc_0276,0,0,-2.2519424308740064,TN
kabinet,[Context Not Available],gold_doc_0041,0,0,-2.2523905090495298,TN
kombinované,[Context Not Available],gold_doc_0392,0,0,-2.25271882679651,TN
.,[Context Not Available],gold_doc_0338,0,0,-2.2565063710734705,TN
.,[Context Not Available],gold_doc_0313,0,0,-2.25705539619576,TN
stezek,[Context Not Available],gold_doc_0264,0,0,-2.2583974454165734,TN
.,[Context Not Available],gold_doc_0415,0,0,-2.258492138807611,TN
byla,[Context Not Available],gold_doc_0291,0,0,-2.2620607910019537,TN
zakázky,[Context Not Available],gold_doc_0455,0,0,-2.2620642677303913,TN
letos,[Context Not Available],gold_doc_0421,0,0,-2.2654351390568443,TN
traktorů,[Context Not Available],gold_doc_0357,0,0,-2.270263559180112,TN
šlo,[Context Not Available],gold_doc_0077,0,0,-2.27428480344215,TN
informace,[Context Not Available],gold_doc_0361,0,0,-2.2751526793113115,TN
do,[Context Not Available],gold_doc_0244,0,0,-2.2758928952195383,TN
dokumentů,[Context Not Available],gold_doc_0370,0,0,-2.2760561345119896,TN
",",[Context Not Available],gold_doc_0080,0,0,-2.2770094879181144,TN
o,[Context Not Available],gold_doc_0073,0,0,-2.2777485118234893,TN
procesu,[Context Not Available],gold_doc_0230,0,0,-2.2787510498821497,TN
reforma,[Context Not Available],gold_doc_0338,0,0,-2.2791775343119305,TN
.,[Context Not Available],gold_doc_0276,0,0,-2.28269236764541,TN
.,[Context Not Available],gold_doc_0138,0,0,-2.284039278476584,TN
rodiny,[Context Not Available],gold_doc_0491,0,0,-2.284994114654779,TN
splnilo,[Context Not Available],gold_doc_0073,0,0,-2.2856801396155646,TN
za,[Context Not Available],gold_doc_0044,0,0,-2.2939301203462072,TN
filozofie,[Context Not Available],gold_doc_0228,0,0,-2.2981323189328293,TN
",",[Context Not Available],gold_doc_0143,0,0,-2.2982903214410477,TN
Policejní,[Context Not Available],gold_doc_0475,0,0,-2.301276626915694,TN
Byl,[Context Not Available],gold_doc_0091,0,0,-2.3040691219783227,TN
.,[Context Not Available],gold_doc_0431,0,0,-2.304071373439349,TN
.,[Context Not Available],gold_doc_0228,0,0,-2.304942657754502,TN
která,[Context Not Available],gold_doc_0361,0,0,-2.305087591002703,TN
.,[Context Not Available],gold_doc_0455,0,0,-2.309182397410634,TN
platy,[Context Not Available],gold_doc_0210,0,0,-2.3105425145482457,TN
.,[Context Not Available],gold_doc_0230,0,0,-2.311024121343891,TN
také,[Context Not Available],gold_doc_0287,0,0,-2.312851797579082,TN
firmy,[Context Not Available],gold_doc_0180,0,0,-2.31608746124056,TN
kolejí,[Context Not Available],gold_doc_0246,0,0,-2.316672977328743,TN
vládní,[Context Not Available],gold_doc_0041,0,0,-2.318084507912207,TN
.,[Context Not Available],gold_doc_0192,0,0,-2.323974368418561,TN
bylo,[Context Not Available],gold_doc_0264,0,0,-2.323976579247475,TN
Ceny,[Context Not Available],gold_doc_0139,0,0,-2.326285421760513,TN
HDP,[Context Not Available],gold_doc_0217,0,0,-2.32738188863814,TN
na,[Context Not Available],gold_doc_0495,0,0,-2.3273981028751116,TN
pro,[Context Not Available],gold_doc_0342,0,0,-2.3288185915966437,TN
.,[Context Not Available],gold_doc_0168,0,0,-2.3299228564653554,TN
varhany,[Context Not Available],gold_doc_0237,0,0,-2.330578400742052,TN
korun,[Context Not Available],gold_doc_0180,0,0,-2.334900704820445,TN
ke,[Context Not Available],gold_doc_0174,0,0,-2.3371502540674918,TN
zakázku,[Context Not Available],gold_doc_0073,0,0,-2.3384489204743844,TN
korun,[Context Not Available],gold_doc_0384,0,0,-2.3415831380079304,TN
Kolem,[Context Not Available],gold_doc_0384,0,0,-2.347126523626237,TN
nemovitostí,[Context Not Available],gold_doc_0139,0,0,-2.349946552740061,TN
kamionu,[Context Not Available],gold_doc_0174,0,0,-2.350952210324081,TN
získali,[Context Not Available],gold_doc_0361,0,0,-2.3556896839720345,TN
postupně,[Context Not Available],gold_doc_0502,0,0,-2.356011798461356,TN
vědci,[Context Not Available],gold_doc_0244,0,0,-2.3586060224209895,TN
městem,[Context Not Available],gold_doc_0056,0,0,-2.360192518030349,TN
15,[Context Not Available],gold_doc_0210,0,0,-2.3624224641016056,TN
klesl,[Context Not Available],gold_doc_0389,0,0,-2.365670812378717,TN
je,[Context Not Available],gold_doc_0430,0,0,-2.3658657168103794,TN
obyvatel,[Context Not Available],gold_doc_0159,0,0,-2.3759628317095043,TN
.,[Context Not Available],gold_doc_0371,0,0,-2.376480866813573,TN
Problém,[Context Not Available],gold_doc_0329,0,0,-2.380051829759431,TN
tempo,[Context Not Available],gold_doc_0044,0,0,-2.3822966988224756,TN
historický,[Context Not Available],gold_doc_0339,0,0,-2.382682418250628,TN
.,[Context Not Available],gold_doc_0169,0,0,-2.3853903284655615,TN
byl,[Context Not Available],gold_doc_0405,0,0,-2.386712003692317,TN
na,[Context Not Available],gold_doc_0276,0,0,-2.3873120142161994,TN
obou,[Context Not Available],gold_doc_0084,0,0,-2.3900191411019414,TN
přítomnosti,[Context Not Available],gold_doc_0375,0,0,-2.3910075452336734,TN
.,[Context Not Available],gold_doc_0072,0,0,-2.391915356454298,TN
v,[Context Not Available],gold_doc_0342,0,0,-2.3953209782239995,TN
.,[Context Not Available],gold_doc_0427,0,0,-2.403844731353793,TN
firma,[Context Not Available],gold_doc_0056,0,0,-2.40847036171526,TN
získala,[Context Not Available],gold_doc_0435,0,0,-2.4108012154136915,TN
platnost,[Context Not Available],gold_doc_0388,0,0,-2.4208453744198977,TN
jinými,[Context Not Available],gold_doc_0045,0,0,-2.4218393117567487,TN
prostředí,[Context Not Available],gold_doc_0244,0,0,-2.4220634457951107,TN
jaderných,[Context Not Available],gold_doc_0205,0,0,-2.431195800071521,TN
150,[Context Not Available],gold_doc_0246,0,0,-2.4321895986541904,TN
konferenci,[Context Not Available],gold_doc_0059,0,0,-2.4371069989153185,TN
o,[Context Not Available],gold_doc_0056,0,0,-2.4379882058211493,TN
výsledků,[Context Not Available],gold_doc_0059,0,0,-2.4385221597356477,TN
10,[Context Not Available],gold_doc_0389,0,0,-2.441359957199893,TN
s,[Context Not Available],gold_doc_0056,0,0,-2.4415966014807537,TN
procenta,[Context Not Available],gold_doc_0217,0,0,-2.4434691031828706,TN
viny,[Context Not Available],gold_doc_0405,0,0,-2.4449847748053557,TN
byla,[Context Not Available],gold_doc_0180,0,0,-2.445107981850832,TN
parku,[Context Not Available],gold_doc_0242,0,0,-2.4454360922237086,TN
Město,[Context Not Available],gold_doc_0242,0,0,-2.4460188564424783,TN
o,[Context Not Available],gold_doc_0313,0,0,-2.4469221540817117,TN
schvalování,[Context Not Available],gold_doc_0317,0,0,-2.4504013659927324,TN
důležitý,[Context Not Available],gold_doc_0304,0,0,-2.459516695870235,TN
rady,[Context Not Available],gold_doc_0375,0,0,-2.4604861966525533,TN
chování,[Context Not Available],gold_doc_0305,0,0,-2.4649618771838604,TN
.,[Context Not Available],gold_doc_0320,0,0,-2.465031139762729,TN
nové,[Context Not Available],gold_doc_0385,0,0,-2.465998987759292,TN
pravidla,[Context Not Available],gold_doc_0317,0,0,-2.46789519341673,TN
1,[Context Not Available],gold_doc_0155,0,0,-2.4703585161140253,TN
akci,[Context Not Available],gold_doc_0371,0,0,-2.471202450193246,TN
manipulaci,[Context Not Available],gold_doc_0327,0,0,-2.474435050621288,TN
se,[Context Not Available],gold_doc_0507,0,0,-2.4760076229472574,TN
nastoupila,[Context Not Available],gold_doc_0088,0,0,-2.4798559814949783,TN
ředitele,[Context Not Available],gold_doc_0042,0,0,-2.483367556883934,TN
ve,[Context Not Available],gold_doc_0010,0,0,-2.4850727822843623,TN
města,[Context Not Available],gold_doc_0415,0,0,-2.487398643226207,TN
proto,[Context Not Available],gold_doc_0045,0,0,-2.4879179766701043,TN
na,[Context Not Available],gold_doc_0512,0,0,-2.488197423716656,TN
přišlo,[Context Not Available],gold_doc_0240,0,0,-2.488353838102185,TN
inovací,[Context Not Available],gold_doc_0217,0,0,-2.488587010924469,TN
program,[Context Not Available],gold_doc_0304,0,0,-2.4886759527030193,TN
korun,[Context Not Available],gold_doc_0291,0,0,-2.4893362494842535,TN
jednání,[Context Not Available],gold_doc_0045,0,0,-2.4910152780517194,TN
miliard,[Context Not Available],gold_doc_0455,0,0,-2.4940689258576114,TN
je,[Context Not Available],gold_doc_0003,0,0,-2.496588514524177,TN
v,[Context Not Available],gold_doc_0512,0,0,-2.4973817702807892,TN
zahájil,[Context Not Available],gold_doc_0045,0,0,-2.49764637127646,TN
organizace,[Context Not Available],gold_doc_0230,0,0,-2.5025306470250896,TN
Rozhodnutí,[Context Not Available],gold_doc_0138,0,0,-2.503034103543989,TN
jí,[Context Not Available],gold_doc_0143,0,0,-2.508866007328379,TN
průměrné,[Context Not Available],gold_doc_0421,0,0,-2.5097799535296446,TN
.,[Context Not Available],gold_doc_0378,0,0,-2.5117092790285653,TN
",",[Context Not Available],gold_doc_0044,0,0,-2.5182966359096,TN
strany,[Context Not Available],gold_doc_0327,0,0,-2.5222136699575373,TN
.,[Context Not Available],gold_doc_0440,0,0,-2.525053939889837,TN
",",[Context Not Available],gold_doc_0421,0,0,-2.5259016688580687,TN
prvního,[Context Not Available],gold_doc_0201,0,0,-2.5264509254298133,TN
centru,[Context Not Available],gold_doc_0415,0,0,-2.5283914610595275,TN
organizace,[Context Not Available],gold_doc_0230,0,0,-2.530786536042129,TN
strojů,[Context Not Available],gold_doc_0042,0,0,-2.5315384957139955,TN
poslanců,[Context Not Available],gold_doc_0280,0,0,-2.5320292279814822,TN
.,[Context Not Available],gold_doc_0237,0,0,-2.5328395113811055,TN
českých,[Context Not Available],gold_doc_0295,0,0,-2.532881773182922,TN
na,[Context Not Available],gold_doc_0495,0,0,-2.533064762704697,TN
byly,[Context Not Available],gold_doc_0517,0,0,-2.534161254742031,TN
.,[Context Not Available],gold_doc_0405,0,0,-2.5342913424595963,TN
.,[Context Not Available],gold_doc_0080,0,0,-2.534485249468247,TN
",",[Context Not Available],gold_doc_0072,0,0,-2.5352630699547873,TN
dodržování,[Context Not Available],gold_doc_0283,0,0,-2.535666591974021,TN
žádostí,[Context Not Available],gold_doc_0216,0,0,-2.5420939625680887,TN
navrhuje,[Context Not Available],gold_doc_0281,0,0,-2.5449719984416035,TN
a,[Context Not Available],gold_doc_0228,0,0,-2.546947215223561,TN
se,[Context Not Available],gold_doc_0228,0,0,-2.5479541729559045,TN
parlamentu,[Context Not Available],gold_doc_0320,0,0,-2.5484979046142158,TN
svých,[Context Not Available],gold_doc_0281,0,0,-2.5491052124260136,TN
se,[Context Not Available],gold_doc_0384,0,0,-2.5494477246989646,TN
omezí,[Context Not Available],gold_doc_0287,0,0,-2.552384870647508,TN
je,[Context Not Available],gold_doc_0304,0,0,-2.5539124575501972,TN
protestní,[Context Not Available],gold_doc_0357,0,0,-2.5543280843343155,TN
její,[Context Not Available],gold_doc_0143,0,0,-2.5560591170499762,TN
.,[Context Not Available],gold_doc_0375,0,0,-2.5563430347913183,TN
tím,[Context Not Available],gold_doc_0280,0,0,-2.5592917048548003,TN
vědci,[Context Not Available],gold_doc_0361,0,0,-2.561726666188214,TN
k,[Context Not Available],gold_doc_0317,0,0,-2.568465475084409,TN
obyvatelé,[Context Not Available],gold_doc_0464,0,0,-2.5700295623171314,TN
cenné,[Context Not Available],gold_doc_0361,0,0,-2.571886598106964,TN
velkých,[Context Not Available],gold_doc_0281,0,0,-2.5751187663153843,TN
zemědělských,[Context Not Available],gold_doc_0357,0,0,-2.5786061085100016,TN
veřejné,[Context Not Available],gold_doc_0237,0,0,-2.5928873243724695,TN
pro,[Context Not Available],gold_doc_0353,0,0,-2.598162137910748,TN
absenci,[Context Not Available],gold_doc_0072,0,0,-2.6035176256060097,TN
že,[Context Not Available],gold_doc_0056,0,0,-2.605795464448242,TN
kteří,[Context Not Available],gold_doc_0228,0,0,-2.6062674328196636,TN
autorů,[Context Not Available],gold_doc_0295,0,0,-2.6073515663342235,TN
účinnost,[Context Not Available],gold_doc_0192,0,0,-2.609690434896663,TN
pro,[Context Not Available],gold_doc_0042,0,0,-2.6151603517459776,TN
miliard,[Context Not Available],gold_doc_0453,0,0,-2.615816744507974,TN
na,[Context Not Available],gold_doc_0192,0,0,-2.6206236233515128,TN
",",[Context Not Available],gold_doc_0071,0,0,-2.6207446569048543,TN
daty,[Context Not Available],gold_doc_0361,0,0,-2.6213337401364143,TN
nových,[Context Not Available],gold_doc_0003,0,0,-2.6217101525508966,TN
důvěru,[Context Not Available],gold_doc_0041,0,0,-2.631382534422684,TN
nové,[Context Not Available],gold_doc_0045,0,0,-2.6338282427013056,TN
oblasti,[Context Not Available],gold_doc_0305,0,0,-2.6349007948262795,TN
této,[Context Not Available],gold_doc_0121,0,0,-2.63657187429024,TN
v,[Context Not Available],gold_doc_0159,0,0,-2.63910233954374,TN
všech,[Context Not Available],gold_doc_0122,0,0,-2.639198265244275,TN
Hlavní,[Context Not Available],gold_doc_0169,0,0,-2.6451523784659514,TN
pro,[Context Not Available],gold_doc_0056,0,0,-2.6453129578850962,TN
korun,[Context Not Available],gold_doc_0264,0,0,-2.646584957068157,TN
vytvoří,[Context Not Available],gold_doc_0165,0,0,-2.6466948795366747,TN
vstupenky,[Context Not Available],gold_doc_0276,0,0,-2.648958582260761,TN
některých,[Context Not Available],gold_doc_0215,0,0,-2.652135317022676,TN
online,[Context Not Available],gold_doc_0442,0,0,-2.6538490861887567,TN
cena,[Context Not Available],gold_doc_0353,0,0,-2.6561038322511408,TN
v,[Context Not Available],gold_doc_0313,0,0,-2.659391673290372,TN
populace,[Context Not Available],gold_doc_0044,0,0,-2.6600010236857514,TN
byly,[Context Not Available],gold_doc_0378,0,0,-2.66113769895874,TN
měl,[Context Not Available],gold_doc_0313,0,0,-2.6653352478175023,TN
které,[Context Not Available],gold_doc_0122,0,0,-2.6657884200600535,TN
se,[Context Not Available],gold_doc_0242,0,0,-2.6782724421334123,TN
miliard,[Context Not Available],gold_doc_0384,0,0,-2.6793304058572076,TN
do,[Context Not Available],gold_doc_0246,0,0,-2.6807767992868605,TN
jsou,[Context Not Available],gold_doc_0139,0,0,-2.683481806808146,TN
oblasti,[Context Not Available],gold_doc_0121,0,0,-2.685313763263288,TN
podniky,[Context Not Available],gold_doc_0338,0,0,-2.686138541668953,TN
zakázky,[Context Not Available],gold_doc_0453,0,0,-2.6895608908714053,TN
na,[Context Not Available],gold_doc_0453,0,0,-2.6900253507567626,TN
celkový,[Context Not Available],gold_doc_0389,0,0,-2.690370993882503,TN
vyšší,[Context Not Available],gold_doc_0431,0,0,-2.69679380147295,TN
50,[Context Not Available],gold_doc_0264,0,0,-2.7000526003292933,TN
zahrnuje,[Context Not Available],gold_doc_0246,0,0,-2.7058378270513046,TN
a,[Context Not Available],gold_doc_0491,0,0,-2.7070980635014905,TN
po,[Context Not Available],gold_doc_0059,0,0,-2.7084723689878487,TN
bankovní,[Context Not Available],gold_doc_0375,0,0,-2.7091072403144807,TN
režimu,[Context Not Available],gold_doc_0201,0,0,-2.716995384552227,TN
roce,[Context Not Available],gold_doc_0389,0,0,-2.7173244330098427,TN
turistických,[Context Not Available],gold_doc_0264,0,0,-2.717644889650529,TN
omezí,[Context Not Available],gold_doc_0166,0,0,-2.7213241284525793,TN
dalších,[Context Not Available],gold_doc_0080,0,0,-2.721434012249617,TN
mezi,[Context Not Available],gold_doc_0210,0,0,-2.7261830226047365,TN
průmyslových,[Context Not Available],gold_doc_0334,0,0,-2.7290467774787928,TN
o,[Context Not Available],gold_doc_0281,0,0,-2.7433812263453063,TN
voličů,[Context Not Available],gold_doc_0327,0,0,-2.7434616038011796,TN
se,[Context Not Available],gold_doc_0091,0,0,-2.747134352980929,TN
průměrná,[Context Not Available],gold_doc_0353,0,0,-2.749781312831793,TN
s,[Context Not Available],gold_doc_0166,0,0,-2.7522207194884345,TN
80,[Context Not Available],gold_doc_0192,0,0,-2.7550627285639706,TN
dotací,[Context Not Available],gold_doc_0317,0,0,-2.755385958833287,TN
na,[Context Not Available],gold_doc_0169,0,0,-2.755724398909436,TN
ministerstva,[Context Not Available],gold_doc_0291,0,0,-2.7571589081676393,TN
šarže,[Context Not Available],gold_doc_0080,1,0,-2.768185131869693,FN
zaměřit,[Context Not Available],gold_doc_0056,0,0,-2.773989967923832,TN
rozvojovou,[Context Not Available],gold_doc_0242,0,0,-2.779749055528171,TN
zejména,[Context Not Available],gold_doc_0014,0,0,-2.790462295103417,TN
",",[Context Not Available],gold_doc_0121,0,0,-2.7939628276154806,TN
při,[Context Not Available],gold_doc_0242,0,0,-2.7993938519388877,TN
nového,[Context Not Available],gold_doc_0072,0,0,-2.8015854543641154,TN
moci,[Context Not Available],gold_doc_0442,0,0,-2.80657305324722,TN
v,[Context Not Available],gold_doc_0201,0,0,-2.8075772092528197,TN
na,[Context Not Available],gold_doc_0014,0,0,-2.8092595329149503,TN
sledovat,[Context Not Available],gold_doc_0442,0,0,-2.813684362062709,TN
fungovat,[Context Not Available],gold_doc_0201,0,0,-2.8153901259928986,TN
Místo,[Context Not Available],gold_doc_0342,0,0,-2.815912599603408,TN
zasedání,[Context Not Available],gold_doc_0375,0,0,-2.8168908713269403,TN
předních,[Context Not Available],gold_doc_0295,0,0,-2.8176714461432084,TN
že,[Context Not Available],gold_doc_0071,0,0,-2.819008291144769,TN
jako,[Context Not Available],gold_doc_0230,0,0,-2.8231524639230656,TN
odmítla,[Context Not Available],gold_doc_0320,0,0,-2.8239798942491703,TN
energií,[Context Not Available],gold_doc_0088,0,0,-2.8274318142940444,TN
otázka,[Context Not Available],gold_doc_0084,0,0,-2.8287610603725994,TN
na,[Context Not Available],gold_doc_0455,0,0,-2.833369106810956,TN
bytů,[Context Not Available],gold_doc_0003,0,0,-2.834526649765067,TN
vzrostla,[Context Not Available],gold_doc_0353,0,0,-2.8361304970047527,TN
činí,[Context Not Available],gold_doc_0210,0,0,-2.836375407454483,TN
v,[Context Not Available],gold_doc_0080,0,0,-2.8385730590139957,TN
za,[Context Not Available],gold_doc_0085,0,0,-2.8409618672916395,TN
dostanou,[Context Not Available],gold_doc_0424,0,0,-2.8415204984228737,TN
zanechala,[Context Not Available],gold_doc_0085,0,0,-2.8423799846324727,TN
pohybuje,[Context Not Available],gold_doc_0384,0,0,-2.8461736844217995,TN
studentům,[Context Not Available],gold_doc_0228,0,0,-2.8540331449264897,TN
zastavil,[Context Not Available],gold_doc_0088,0,0,-2.85642873820143,TN
%,[Context Not Available],gold_doc_0329,0,0,-2.865273064067651,TN
80,[Context Not Available],gold_doc_0392,0,0,-2.8661351022961554,TN
v,[Context Not Available],gold_doc_0283,0,0,-2.8684057451072604,TN
státu,[Context Not Available],gold_doc_0085,0,0,-2.8727340426138426,TN
na,[Context Not Available],gold_doc_0491,0,0,-2.8733348987657834,TN
však,[Context Not Available],gold_doc_0007,0,0,-2.8741940233727945,TN
200,[Context Not Available],gold_doc_0165,0,0,-2.8743860456026837,TN
se,[Context Not Available],gold_doc_0371,0,0,-2.874539443154184,TN
čtvrtletí,[Context Not Available],gold_doc_0353,0,0,-2.875191507719876,TN
podle,[Context Not Available],gold_doc_0042,0,0,-2.878775578339919,TN
kvůli,[Context Not Available],gold_doc_0072,0,0,-2.883687506136802,TN
z,[Context Not Available],gold_doc_0371,0,0,-2.884421760679814,TN
investičních,[Context Not Available],gold_doc_0122,0,0,-2.8851331655062324,TN
Muž,[Context Not Available],gold_doc_0106,0,0,-2.8859949771082682,TN
firem,[Context Not Available],gold_doc_0334,0,0,-2.8899076036607596,TN
týká,[Context Not Available],gold_doc_0205,0,0,-2.9088798449825717,TN
státu,[Context Not Available],gold_doc_0217,0,0,-2.9132379978635328,TN
asi,[Context Not Available],gold_doc_0455,1,0,-2.923956460813322,FN
a,[Context Not Available],gold_doc_0166,0,0,-2.9273571324354464,TN
o,[Context Not Available],gold_doc_0388,0,0,-2.9389015961802087,TN
k,[Context Not Available],gold_doc_0327,0,0,-2.9416624645931932,TN
.,[Context Not Available],gold_doc_0295,0,0,-2.942364462500798,TN
referendu,[Context Not Available],gold_doc_0240,0,0,-2.949490955108473,TN
zahrnuje,[Context Not Available],gold_doc_0195,0,0,-2.9515455407227904,TN
pravidlo,[Context Not Available],gold_doc_0388,0,0,-2.956024417072399,TN
",",[Context Not Available],gold_doc_0085,0,0,-2.9599638432816775,TN
v,[Context Not Available],gold_doc_0007,0,0,-2.965946907116603,TN
klesla,[Context Not Available],gold_doc_0215,0,0,-2.9660536216911666,TN
v,[Context Not Available],gold_doc_0339,0,0,-2.971830121958149,TN
v,[Context Not Available],gold_doc_0430,0,0,-2.9735640481368364,TN
zákonů,[Context Not Available],gold_doc_0281,0,0,-2.9751843530468136,TN
historických,[Context Not Available],gold_doc_0370,0,0,-2.9759696447050104,TN
zejména,[Context Not Available],gold_doc_0517,0,0,-2.9797279104323238,TN
technologických,[Context Not Available],gold_doc_0281,0,0,-2.980160895451263,TN
Na,[Context Not Available],gold_doc_0031,0,0,-2.9881103982426893,TN
považuje,[Context Not Available],gold_doc_0334,0,0,-2.9943343394557758,TN
se,[Context Not Available],gold_doc_0283,0,0,-2.9956986607452905,TN
srážce,[Context Not Available],gold_doc_0174,0,0,-2.9988299400070844,TN
hlasování,[Context Not Available],gold_doc_0320,0,0,-2.9989039698335986,TN
bylo,[Context Not Available],gold_doc_0138,0,0,-3.005825646045146,TN
některých,[Context Not Available],gold_doc_0007,0,0,-3.0059058584444713,TN
se,[Context Not Available],gold_doc_0329,0,0,-3.0059372119736594,TN
se,[Context Not Available],gold_doc_0216,0,0,-3.0070657503288913,TN
proběhne,[Context Not Available],gold_doc_0375,0,0,-3.0129311978511453,TN
dobrá,[Context Not Available],gold_doc_0421,0,0,-3.013553638684577,TN
o,[Context Not Available],gold_doc_0242,0,0,-3.0152679709807657,TN
je,[Context Not Available],gold_doc_0010,0,0,-3.0172303707093846,TN
nových,[Context Not Available],gold_doc_0165,0,0,-3.0183282793317616,TN
O,[Context Not Available],gold_doc_0353,0,0,-3.022922890131504,TN
Míráku,[Context Not Available],gold_doc_0507,1,0,-3.0238937050575245,FN
",",[Context Not Available],gold_doc_0056,0,0,-3.0284338629448655,TN
odhalil,[Context Not Available],gold_doc_0305,0,0,-3.0303166374972648,TN
HDP,[Context Not Available],gold_doc_0329,0,0,-3.0432286880787345,TN
Výstava,[Context Not Available],gold_doc_0295,0,0,-3.0459511631445153,TN
se,[Context Not Available],gold_doc_0056,0,0,-3.051500061538235,TN
v,[Context Not Available],gold_doc_0215,0,0,-3.05655308348085,TN
podmínky,[Context Not Available],gold_doc_0073,0,0,-3.056788491801214,TN
v,[Context Not Available],gold_doc_0389,0,0,-3.0579086631346755,TN
celé,[Context Not Available],gold_doc_0327,0,0,-3.0610064912033863,TN
v,[Context Not Available],gold_doc_0014,0,0,-3.062000089225016,TN
o,[Context Not Available],gold_doc_0361,0,0,-3.062925695659871,TN
",",[Context Not Available],gold_doc_0276,0,0,-3.067149076434063,TN
nová,[Context Not Available],gold_doc_0088,0,0,-3.068492802961515,TN
kandidátů,[Context Not Available],gold_doc_0440,0,0,-3.06967263021847,TN
loňském,[Context Not Available],gold_doc_0389,0,0,-3.07018975489666,TN
jejich,[Context Not Available],gold_doc_0084,0,0,-3.071250106256251,TN
v,[Context Not Available],gold_doc_0121,0,0,-3.078856106827125,TN
bude,[Context Not Available],gold_doc_0338,0,0,-3.0795038300272353,TN
a,[Context Not Available],gold_doc_0295,0,0,-3.0917169860735143,TN
hektarů,[Context Not Available],gold_doc_0242,0,0,-3.0950529886916414,TN
a,[Context Not Available],gold_doc_0281,0,0,-3.0969903926264806,TN
vedl,[Context Not Available],gold_doc_0106,0,0,-3.1025814127698013,TN
",",[Context Not Available],gold_doc_0044,0,0,-3.1037549938912576,TN
se,[Context Not Available],gold_doc_0085,0,0,-3.1051410307234804,TN
s,[Context Not Available],gold_doc_0045,0,0,-3.106865067004051,TN
a,[Context Not Available],gold_doc_0045,0,0,-3.1080146391625547,TN
se,[Context Not Available],gold_doc_0453,0,0,-3.1095972027750705,TN
v,[Context Not Available],gold_doc_0517,0,0,-3.1204999746902757,TN
je,[Context Not Available],gold_doc_0042,0,0,-3.1336975466692465,TN
používají,[Context Not Available],gold_doc_0327,0,0,-3.1395631001434907,TN
oprav,[Context Not Available],gold_doc_0195,0,0,-3.1417224314917718,TN
Dohoda,[Context Not Available],gold_doc_0205,0,0,-3.143733416199197,TN
opatření,[Context Not Available],gold_doc_0122,0,0,-3.1441255779402155,TN
a,[Context Not Available],gold_doc_0317,0,0,-3.15277229053423,TN
se,[Context Not Available],gold_doc_0320,0,0,-3.1549273310006285,TN
na,[Context Not Available],gold_doc_0011,0,0,-3.1601538524185315,TN
celkem,[Context Not Available],gold_doc_0371,0,0,-3.170628342113474,TN
se,[Context Not Available],gold_doc_0243,0,0,-3.173611276365719,TN
se,[Context Not Available],gold_doc_0357,0,0,-3.1770301016283824,TN
během,[Context Not Available],gold_doc_0155,0,0,-3.179357197132333,TN
a,[Context Not Available],gold_doc_0370,0,0,-3.182011576473826,TN
členů,[Context Not Available],gold_doc_0375,0,0,-3.1828638364396014,TN
",",[Context Not Available],gold_doc_0228,0,0,-3.1874673596037866,TN
a,[Context Not Available],gold_doc_0385,0,0,-3.1884027749599895,TN
tvoří,[Context Not Available],gold_doc_0217,0,0,-3.1909512180903263,TN
mužů,[Context Not Available],gold_doc_0210,0,0,-3.1927928641951127,TN
nákup,[Context Not Available],gold_doc_0424,0,0,-3.21306799451267,TN
a,[Context Not Available],gold_doc_0264,0,0,-3.225937682146764,TN
na,[Context Not Available],gold_doc_0056,0,0,-3.23208513009601,TN
vstoupí,[Context Not Available],gold_doc_0388,0,0,-3.234420794439181,TN
pro,[Context Not Available],gold_doc_0304,0,0,-3.2362165155609546,TN
v,[Context Not Available],gold_doc_0320,0,0,-3.2415734945365173,TN
těchto,[Context Not Available],gold_doc_0216,0,0,-3.2441331148066013,TN
část,[Context Not Available],gold_doc_0281,0,0,-3.2465439305935675,TN
v,[Context Not Available],gold_doc_0388,0,0,-3.2487396432273883,TN
akce,[Context Not Available],gold_doc_0357,0,0,-3.2547415002331803,TN
a,[Context Not Available],gold_doc_0106,0,0,-3.2670390796826823,TN
se,[Context Not Available],gold_doc_0205,0,0,-3.2702498977644794,TN
a,[Context Not Available],gold_doc_0320,0,0,-3.2711106088054507,TN
účastní,[Context Not Available],gold_doc_0371,0,0,-3.2721135547315825,TN
na,[Context Not Available],gold_doc_0059,0,0,-3.2724590162673195,TN
se,[Context Not Available],gold_doc_0342,0,0,-3.2776205405315437,TN
v,[Context Not Available],gold_doc_0201,0,0,-3.282153827321956,TN
začne,[Context Not Available],gold_doc_0201,0,0,-3.287268610000325,TN
pro,[Context Not Available],gold_doc_0304,0,0,-3.3020564750466335,TN
zahrnuje,[Context Not Available],gold_doc_0295,0,0,-3.3026008992234352,TN
Politické,[Context Not Available],gold_doc_0327,0,0,-3.303614527124452,TN
exponátů,[Context Not Available],gold_doc_0295,0,0,-3.3087481128483063,TN
k,[Context Not Available],gold_doc_0011,0,0,-3.30975539347574,TN
Cena,[Context Not Available],gold_doc_0453,0,0,-3.316945871763828,TN
Od,[Context Not Available],gold_doc_0388,0,0,-3.3364227941520923,TN
",",[Context Not Available],gold_doc_0361,0,0,-3.3376435960024224,TN
kněžství,[Context Not Available],gold_doc_0228,0,0,-3.342952321039945,TN
v,[Context Not Available],gold_doc_0084,0,0,-3.345826765512058,TN
sazba,[Context Not Available],gold_doc_0169,0,0,-3.3496079728568944,TN
na,[Context Not Available],gold_doc_0507,0,0,-3.352529385870639,TN
v,[Context Not Available],gold_doc_0415,0,0,-3.355283753572344,TN
sírových,[Context Not Available],gold_doc_0244,0,0,-3.355766774452057,TN
cen,[Context Not Available],gold_doc_0011,0,0,-3.3610594407815952,TN
v,[Context Not Available],gold_doc_0080,0,0,-3.3704122501023477,TN
dvorany,[Context Not Available],gold_doc_0077,0,0,-3.3750461255961426,TN
",",[Context Not Available],gold_doc_0091,0,0,-3.377484641022278,TN
",",[Context Not Available],gold_doc_0361,0,0,-3.3777665278738667,TN
se,[Context Not Available],gold_doc_0122,0,0,-3.396062317924553,TN
kytici,[Context Not Available],gold_doc_0143,0,0,-3.396948550123973,TN
v,[Context Not Available],gold_doc_0205,0,0,-3.3991240264870584,TN
hlava,[Context Not Available],gold_doc_0085,1,0,-3.399263410085865,FN
zúčastnit,[Context Not Available],gold_doc_0320,0,0,-3.4167043341307277,TN
cen,[Context Not Available],gold_doc_0088,0,0,-3.4209807220715973,TN
se,[Context Not Available],gold_doc_0088,0,0,-3.4233642245401867,TN
trvat,[Context Not Available],gold_doc_0072,0,0,-3.429406986734911,TN
v,[Context Not Available],gold_doc_0329,0,0,-3.4317645404320416,TN
na,[Context Not Available],gold_doc_0464,0,0,-3.4452204226979646,TN
Hlídky,[Context Not Available],gold_doc_0517,0,0,-3.457299365737029,TN
a,[Context Not Available],gold_doc_0357,0,0,-3.461100573925492,TN
",",[Context Not Available],gold_doc_0122,0,0,-3.466896686267596,TN
stromů,[Context Not Available],gold_doc_0427,0,0,-3.470975698069715,TN
případů,[Context Not Available],gold_doc_0159,0,0,-3.4754781797268492,TN
v,[Context Not Available],gold_doc_0353,0,0,-3.4763984892828503,TN
si,[Context Not Available],gold_doc_0464,0,0,-3.4786582026372486,TN
a,[Context Not Available],gold_doc_0088,0,0,-3.4883590338351596,TN
v,[Context Not Available],gold_doc_0327,0,0,-3.4944039837442773,TN
byla,[Context Not Available],gold_doc_0169,0,0,-3.4944521854541435,TN
kandidáta,[Context Not Available],gold_doc_0072,0,0,-3.50888984636412,TN
hasiče,[Context Not Available],gold_doc_0342,0,0,-3.513412314073449,TN
a,[Context Not Available],gold_doc_0283,0,0,-3.5174801376907254,TN
a,[Context Not Available],gold_doc_0168,0,0,-3.528262911767378,TN
v,[Context Not Available],gold_doc_0305,0,0,-3.529030860297958,TN
těchto,[Context Not Available],gold_doc_0139,0,0,-3.5474909521323212,TN
a,[Context Not Available],gold_doc_0287,0,0,-3.557401785480515,TN
je,[Context Not Available],gold_doc_0014,0,0,-3.5613104565641933,TN
Volit,[Context Not Available],gold_doc_0240,0,0,-3.564141389444366,TN
a,[Context Not Available],gold_doc_0174,0,0,-3.569718454716053,TN
se,[Context Not Available],gold_doc_0168,0,0,-3.5738609505623486,TN
trhu,[Context Not Available],gold_doc_0088,0,0,-3.5889073557552322,TN
týkala,[Context Not Available],gold_doc_0283,0,0,-3.591569396840157,TN
na,[Context Not Available],gold_doc_0424,0,0,-3.593197959590711,TN
všech,[Context Not Available],gold_doc_0375,0,0,-3.5964268662736742,TN
",",[Context Not Available],gold_doc_0305,0,0,-3.5992967373077676,TN
kolonách,[Context Not Available],gold_doc_0512,0,0,-3.60294297237769,TN
Cena,[Context Not Available],gold_doc_0455,0,0,-3.6328193808799085,TN
týká,[Context Not Available],gold_doc_0168,0,0,-3.643609030900379,TN
a,[Context Not Available],gold_doc_0084,0,0,-3.65083129059537,TN
modernizaci,[Context Not Available],gold_doc_0246,0,0,-3.6924734305429325,TN
nových,[Context Not Available],gold_doc_0205,0,0,-3.6958784851237922,TN
a,[Context Not Available],gold_doc_0042,0,0,-3.7045174343890395,TN
na,[Context Not Available],gold_doc_0180,0,0,-3.7139434752620772,TN
týká,[Context Not Available],gold_doc_0122,0,0,-3.7208569785209704,TN
na,[Context Not Available],gold_doc_0195,0,0,-3.7212826368001544,TN
bude,[Context Not Available],gold_doc_0072,0,0,-3.77433950530493,TN
banky,[Context Not Available],gold_doc_0155,0,0,-3.7971172323256113,TN
vozidlům,[Context Not Available],gold_doc_0287,0,0,-3.8238895457733406,TN
kmenu,[Context Not Available],gold_doc_0168,0,0,-3.830128310448579,TN
a,[Context Not Available],gold_doc_0371,0,0,-3.888525989459474,TN
převzalo,[Context Not Available],gold_doc_0440,0,0,-3.91429702307785,TN
při,[Context Not Available],gold_doc_0244,0,0,-3.914339877299888,TN
dosáhla,[Context Not Available],gold_doc_0159,0,0,-3.938351907577733,TN
gotiky,[Context Not Available],gold_doc_0378,0,0,-3.973249743990749,TN
Auta,[Context Not Available],gold_doc_0512,0,0,-3.977182029207242,TN
vyčleněno,[Context Not Available],gold_doc_0264,0,0,-4.088151325226519,TN
prezidium,[Context Not Available],gold_doc_0475,0,0,-4.101550297069473,TN
roboti,[Context Not Available],gold_doc_0276,0,0,-4.150447005921826,TN
norimberském,[Context Not Available],gold_doc_0230,0,0,-4.175052376747118,TN
zahrnoval,[Context Not Available],gold_doc_0370,0,0,-4.181941856412074,TN
vlivných,[Context Not Available],gold_doc_0280,1,0,-4.204353396067283,FN
vozidlům,[Context Not Available],gold_doc_0166,0,0,-4.371711957164763,TN
dotacích,[Context Not Available],gold_doc_0313,0,0,-4.382887817122693,TN
Růst,[Context Not Available],gold_doc_0088,0,0,-4.399908983005275,TN
Stánky,[Context Not Available],gold_doc_0507,0,0,-4.412983545293109,TN
Těmito,[Context Not Available],gold_doc_0361,0,0,-4.440614231683099,TN
chodbu,[Context Not Available],gold_doc_0077,0,0,-4.442127218423423,TN
vyšplhá,[Context Not Available],gold_doc_0453,1,0,-4.443097985329523,FN
Této,[Context Not Available],gold_doc_0357,0,0,-4.471739825849994,TN
sněmovních,[Context Not Available],gold_doc_0059,0,0,-4.514528680531775,TN
Zóny,[Context Not Available],gold_doc_0287,0,0,-4.520118700834843,TN
bandy,[Context Not Available],gold_doc_0464,1,0,-4.5256569098515484,FN
tresky,[Context Not Available],gold_doc_0389,0,0,-4.544349495611101,TN
2027,[Context Not Available],gold_doc_0201,0,0,-4.582314553177206,TN
Smlouva,[Context Not Available],gold_doc_0291,0,0,-4.594239269289183,TN
expedicích,[Context Not Available],gold_doc_0244,0,0,-4.666541631063616,TN
motorová,[Context Not Available],gold_doc_0385,0,0,-4.674626087407191,TN
Výnosy,[Context Not Available],gold_doc_0421,0,0,-4.691561936170665,TN
Skutečnost,[Context Not Available],gold_doc_0495,0,0,-4.70392543776105,TN
zavařil,[Context Not Available],gold_doc_0045,1,0,-4.733474601251537,FN
proměnilo,[Context Not Available],gold_doc_0342,0,0,-4.817469072400627,TN
byrokracii,[Context Not Available],gold_doc_0317,1,0,-4.8243378033660065,FN
Zóny,[Context Not Available],gold_doc_0166,0,0,-4.8268991292090675,TN
čistoty,[Context Not Available],gold_doc_0010,0,0,-4.82933317202864,TN
mystický,[Context Not Available],gold_doc_0106,1,0,-4.840400238915642,FN
Dodal,[Context Not Available],gold_doc_0056,0,0,-4.853258163534733,TN
Rozdíl,[Context Not Available],gold_doc_0210,0,0,-4.861095022279557,TN
zasahující,[Context Not Available],gold_doc_0342,0,0,-4.870138472938137,TN
Nemocnost,[Context Not Available],gold_doc_0159,0,0,-4.870701071990602,TN
Poučila,[Context Not Available],gold_doc_0243,1,0,-4.926563515948402,FN
Zakázku,[Context Not Available],gold_doc_0435,0,0,-4.981787601816151,TN
Aktuální,[Context Not Available],gold_doc_0044,0,0,-4.986280671424382,TN
dekret,[Context Not Available],gold_doc_0440,0,0,-5.003630109804803,TN
úlovek,[Context Not Available],gold_doc_0389,0,0,-5.01295424286743,TN
mizerná,[Context Not Available],gold_doc_0007,1,0,-5.044475440434837,FN
normami,[Context Not Available],gold_doc_0166,0,0,-5.046914194973908,TN
vystoupily,[Context Not Available],gold_doc_0059,0,0,-5.07150405953746,TN
zabránění,[Context Not Available],gold_doc_0334,0,0,-5.071611119969901,TN
zjeména,[Context Not Available],gold_doc_0044,0,0,-5.080930886704273,TN
úroková,[Context Not Available],gold_doc_0169,0,0,-5.104704557894443,TN
ledovců,[Context Not Available],gold_doc_0361,0,0,-5.135043312546458,TN
Hledání,[Context Not Available],gold_doc_0072,0,0,-5.142905897845743,TN
normami,[Context Not Available],gold_doc_0287,0,0,-5.174638666446214,TN
Investice,[Context Not Available],gold_doc_0165,0,0,-5.179408039589497,TN
2030,[Context Not Available],gold_doc_0246,0,0,-5.230714217977841,TN
zničující,[Context Not Available],gold_doc_0042,0,0,-5.251222442380886,TN
žalostné,[Context Not Available],gold_doc_0003,1,0,-5.27610669873971,FN
normami,[Context Not Available],gold_doc_0287,0,0,-5.285377011107819,TN
Tempo,[Context Not Available],gold_doc_0003,0,0,-5.332538868958203,TN
Vítězném,[Context Not Available],gold_doc_0512,0,0,-5.357362515510999,TN
extrémního,[Context Not Available],gold_doc_0244,0,0,-5.366450117737095,TN
ústupek,[Context Not Available],gold_doc_0041,0,0,-5.366762210441983,TN
žalostné,[Context Not Available],gold_doc_0044,1,0,-5.368187279982834,FN
zbabělý,[Context Not Available],gold_doc_0041,1,0,-5.387732299325087,FN
vlka,[Context Not Available],gold_doc_0305,0,0,-5.394094269405798,TN
pomalému,[Context Not Available],gold_doc_0317,0,0,-5.445146880815969,TN
prodloužilo,[Context Not Available],gold_doc_0216,0,0,-5.4939014993647675,TN
nazvala,[Context Not Available],gold_doc_0320,0,0,-5.504237943810928,TN
spoluobčanům,[Context Not Available],gold_doc_0085,0,0,-5.5456639290439185,TN
Majerové,[Context Not Available],gold_doc_0143,0,0,-5.548122025981812,TN
opakovaných,[Context Not Available],gold_doc_0244,0,0,-5.571276024258417,TN
označena,[Context Not Available],gold_doc_0230,0,0,-5.598756576291443,TN
podivných,[Context Not Available],gold_doc_0106,0,0,-5.612940242529511,TN
Studie,[Context Not Available],gold_doc_0192,0,0,-5.619397558103792,TN
překupníků,[Context Not Available],gold_doc_0276,0,0,-5.621797981635879,TN
reaktorů,[Context Not Available],gold_doc_0205,0,0,-5.631380103702725,TN
Podpora,[Context Not Available],gold_doc_0217,0,0,-5.632143093862993,TN
zbrojovka,[Context Not Available],gold_doc_0435,0,0,-5.684007877320305,TN
nižšími,[Context Not Available],gold_doc_0166,0,0,-5.6843926485625715,TN
teologie,[Context Not Available],gold_doc_0228,0,0,-5.693537364335555,TN
Schválení,[Context Not Available],gold_doc_0168,0,0,-5.745902997971164,TN
neshodují,[Context Not Available],gold_doc_0091,0,0,-5.7479389960757885,TN
omlouvala,[Context Not Available],gold_doc_0085,0,0,-5.75708857008793,TN
narušuje,[Context Not Available],gold_doc_0041,0,0,-5.757975189128082,TN
Školy,[Context Not Available],gold_doc_0424,0,0,-5.761600582449468,TN
pavoučí,[Context Not Available],gold_doc_0244,0,0,-5.776375166776525,TN
povolalo,[Context Not Available],gold_doc_0475,0,0,-5.803247892480513,TN
Kolej,[Context Not Available],gold_doc_0228,0,0,-5.8044968603829545,TN
megaměsto,[Context Not Available],gold_doc_0244,1,0,-5.826660670450927,FN
Komisař,[Context Not Available],gold_doc_0071,0,0,-5.845510836647634,TN
rituálů,[Context Not Available],gold_doc_0106,0,0,-5.849904359484739,TN
nechvalně,[Context Not Available],gold_doc_0517,0,0,-5.86060505976122,TN
neskutečné,[Context Not Available],gold_doc_0139,1,0,-5.906751072599739,FN
Nepomucenum,[Context Not Available],gold_doc_0228,0,0,-5.913907132869973,TN
zločinecká,[Context Not Available],gold_doc_0230,0,0,-5.929508839651618,TN
nižšími,[Context Not Available],gold_doc_0287,0,0,-5.9309863163527226,TN
zaplnili,[Context Not Available],gold_doc_0502,0,0,-5.932352605418792,TN
dozorových,[Context Not Available],gold_doc_0011,0,0,-5.948623386280289,TN
pozastavit,[Context Not Available],gold_doc_0281,0,0,-5.980757908441419,TN
přelomových,[Context Not Available],gold_doc_0281,0,0,-5.994912192091867,TN
zbabělé,[Context Not Available],gold_doc_0138,1,0,-6.009134871781818,FN
znevýhodněné,[Context Not Available],gold_doc_0304,0,0,-6.044453761918092,TN
ostravsku,[Context Not Available],gold_doc_0495,0,0,-6.048772942319943,TN
Úroveň,[Context Not Available],gold_doc_0010,0,0,-6.08016539911258,TN
nedořešená,[Context Not Available],gold_doc_0084,0,0,-6.159979055329558,TN
poslaneckými,[Context Not Available],gold_doc_0045,0,0,-6.1872477883043615,TN
zakázaném,[Context Not Available],gold_doc_0388,0,0,-6.188616750293406,TN
raného,[Context Not Available],gold_doc_0121,0,0,-6.204258305154276,TN
patetických,[Context Not Available],gold_doc_0078,1,0,-6.216620501002716,FN
výsadba,[Context Not Available],gold_doc_0427,0,0,-6.248962577587193,TN
Protestující,[Context Not Available],gold_doc_0502,0,0,-6.2525123553455515,TN
digitalizace,[Context Not Available],gold_doc_0370,0,0,-6.276195650404269,TN
zvýšena,[Context Not Available],gold_doc_0169,0,0,-6.305698792748757,TN
testovala,[Context Not Available],gold_doc_0392,0,0,-6.346689836767453,TN
Administrativní,[Context Not Available],gold_doc_0216,0,0,-6.346847264403635,TN
posíleny,[Context Not Available],gold_doc_0517,0,0,-6.366777133232219,TN
uvolnilo,[Context Not Available],gold_doc_0276,0,0,-6.385854063059192,TN
otřesná,[Context Not Available],gold_doc_0010,1,0,-6.3867209953753274,FN
vakcinace,[Context Not Available],gold_doc_0044,0,0,-6.39259336905527,TN
Kontrola,[Context Not Available],gold_doc_0283,0,0,-6.40632562092771,TN
nearshoring,[Context Not Available],gold_doc_0334,1,0,-6.495469655474217,FN
zproštěn,[Context Not Available],gold_doc_0405,0,0,-6.508916225054577,TN
Produktivita,[Context Not Available],gold_doc_0215,0,0,-6.510571535039183,TN
Hodnota,[Context Not Available],gold_doc_0155,0,0,-6.525819299123185,TN
Nález,[Context Not Available],gold_doc_0415,0,0,-6.530528281183159,TN
Investor,[Context Not Available],gold_doc_0313,0,0,-6.550691568848059,TN
vakcín,[Context Not Available],gold_doc_0168,0,0,-6.556374852394519,TN
tlačenici,[Context Not Available],gold_doc_0077,1,0,-6.567244483793395,FN
emisními,[Context Not Available],gold_doc_0166,0,0,-6.600318915076244,TN
přetížené,[Context Not Available],gold_doc_0031,0,0,-6.604167285558233,TN
opilých,[Context Not Available],gold_doc_0464,0,0,-6.6364514364870715,TN
poničili,[Context Not Available],gold_doc_0276,0,0,-6.686379786661796,TN
Kritizované,[Context Not Available],gold_doc_0073,0,0,-6.698053778098142,TN
emisními,[Context Not Available],gold_doc_0287,0,0,-6.699077792710334,TN
konsolidace,[Context Not Available],gold_doc_0088,1,0,-6.699696759397,FN
testovala,[Context Not Available],gold_doc_0192,0,0,-6.759040116164243,TN
tabletů,[Context Not Available],gold_doc_0424,0,0,-6.800144164600077,TN
shoršuje,[Context Not Available],gold_doc_0329,0,0,-6.817895350432423,TN
Produktivita,[Context Not Available],gold_doc_0007,0,0,-6.853736762219349,TN
jedninou,[Context Not Available],gold_doc_0334,0,0,-6.924873778638904,TN
zjištěn,[Context Not Available],gold_doc_0091,0,0,-7.0617083298960495,TN
artefaktů,[Context Not Available],gold_doc_0121,0,0,-7.077791581029125,TN
Opozice,[Context Not Available],gold_doc_0320,0,0,-7.127939027666812,TN
pilotním,[Context Not Available],gold_doc_0201,0,0,-7.129377006798009,TN
zásahové,[Context Not Available],gold_doc_0385,0,0,-7.180329965017457,TN
Naštval,[Context Not Available],gold_doc_0280,0,0,-7.195944541457969,TN
bikesharing,[Context Not Available],gold_doc_0056,1,0,-7.217978656000206,FN
Sherwoodu,[Context Not Available],gold_doc_0517,1,0,-7.2579938363835055,FN
inkongruence,[Context Not Available],gold_doc_0091,1,0,-7.277914468566436,FN
těžkooděnce,[Context Not Available],gold_doc_0475,1,0,-7.295321919977511,FN
zkoumali,[Context Not Available],gold_doc_0244,0,0,-7.301350890117092,TN
Obžalovaný,[Context Not Available],gold_doc_0405,0,0,-7.578791902021322,TN
podnikají,[Context Not Available],gold_doc_0122,0,0,-7.638324798846696,TN
nízkopříjmové,[Context Not Available],gold_doc_0491,0,0,-7.639681127524568,TN
Naprosté,[Context Not Available],gold_doc_0011,1,0,-7.761040367706691,FN
Poškození,[Context Not Available],gold_doc_0042,0,0,-7.796497944711199,TN
Jmenovací,[Context Not Available],gold_doc_0440,0,0,-7.812047545312389,TN
koronavirovému,[Context Not Available],gold_doc_0168,0,0,-7.816952325131197,TN
Macinka,[Context Not Available],gold_doc_0143,0,0,-7.872259131366725,TN
energochudobou,[Context Not Available],gold_doc_0329,1,0,-7.937679186682935,FN
opožděné,[Context Not Available],gold_doc_0011,0,0,-7.956375443375052,TN
microtargetingu,[Context Not Available],gold_doc_0327,1,0,-8.097377294142788,FN
pendlerů,[Context Not Available],gold_doc_0084,1,0,-8.437499935984455,FN
predátorem,[Context Not Available],gold_doc_0305,0,0,-8.497383622522896,TN
